name,turnover,coverage
alpha095,0.14276871819625092,0.402720985719199
alpha088,0.14410158311041524,0.30172383420993026
alpha024,0.15975018840302843,0.37897988800170646
alpha028,0.17229849822095686,0.4165802053262103
alpha099,0.17400299697527039,0.40282020954442127
alpha037,0.1806808437099244,0.3727390928689467
alpha040,0.19694455616105724,0.41967579693628465
alpha018,0.22457865117623335,0.4182298613382993
alpha006,0.22517065131009217,0.4182298613382993
alpha003,0.2271450328710349,0.4152596177006676
alpha031,0.22857743304212824,0.4150479881410752
alpha092,0.22890663589634058,0.38641088969498266
alpha085,0.23115342826246224,0.4113697561466644
alpha039,0.23120855208139193,0.3686237008329768
alpha052,0.2314035980491948,0.37061297075893046
alpha026,0.23672607734487766,0.38456949682256075
alpha019,0.23787111036832967,0.3686237008329768
alpha033,0.27443355182067986,0.4204894802373223
alpha008,0.27901168670594395,0.41689273640855284
alpha054,0.28218781504435286,0.4204894802373223
alpha002,0.28928855572282874,0.410856380703123
alpha101,0.2961566874090562,0.4204894802373223
alpha015,0.2986970295701132,0.4113879711483959
alpha013,0.30641205445279035,0.4207895484237432
alpha055,0.31105959075388545,0.4166394040818381
alpha068,0.313547802541384,0.3976910088594413
alpha016,0.3157613702938115,0.42078691204191365
alpha038,0.3211638292116683,0.41850140866674573
alpha004,0.33842026726625857,0.41989773235211997
alpha014,0.34239888359926324,0.4182298613382993
alpha046,0.34288780975939287,0.41726901999695615
alpha030,0.35090217706107524,0.417468186660627
alpha022,0.3524305173087025,0.41745093034319697
alpha044,0.3604878295872429,0.4203641322648797
alpha021,0.41882571395444174,0.41853879735451066
alpha007,0.4322503625218268,0.41338371219338577
alpha043,0.4495506139316975,0.41330102567236726
alpha001,0.4565545070347815,0.4166487512537793
alpha051,0.45747446258409535,0.4172683009837299
alpha023,0.47181494536506313,0.4174583601465349
alpha049,0.4876728206148029,0.4172683009837299
alpha035,0.49831493197834054,0.41460771237553584
alpha045,0.5802973074133877,0.41228002689109466
alpha020,0.5856305711323583,0.420267544821487
alpha012,0.6185031577679964,0.42145703236877713
alpha053,0.6324931287603345,0.4196887391743571
alpha034,0.6327163965204796,0.42056737333683253
alpha010,0.6463163073487168,0.4207895484237432
alpha009,0.646416180967449,0.42056737333683253
alpha017,0.6570701269740006,0.4165893128270761
