expression,mean_ic_pre,nw_t_pre,mean_ic_post,nw_t_post,ratio,decay,set
"CS_RANK(TS_ARGMAX(SIGN(IF_ELSE($return < 0, TS_STD($return, 20), $close)) * POWER(ABS(IF_ELSE($return < 0, TS_STD($return, 20), $close)), 2), 5)) - 0.5",0.009309167125360365,5.459852206858357,0.0064947242121834465,2.308792605699834,0.6976697404529657,0.3023302595470343,alpha101
"-1 * TS_CORR(CS_RANK(TS_DELTA(LOG($volume), 2)), CS_RANK(($close - $open) / ($open + 1e-8)), 6)",0.004338820100468344,5.077533135271793,0.002893271084064572,2.5810021937866052,0.666833613071965,0.333166386928035,alpha101
"-1 * TS_CORR(CS_RANK($open), CS_RANK($volume), 10)",0.003721797652010502,4.174802594446911,-0.0007894171194313741,-0.6350931811757321,-0.21210640481890083,1.2121064048189008,alpha101
"-1 * TS_RANK(CS_RANK($low), 9)",0.008097971477701539,4.218423921194209,0.007380343658339007,2.5833617893476415,0.9113817798273824,0.08861822017261756,alpha101
"-1 * TS_CORR($open, $volume, 10)",0.003509088272027134,2.9302359597466867,-0.00035952255618631226,-0.19023586985098698,-0.10245469145141307,1.102454691451413,alpha101
"IF_ELSE(TS_MEAN($volume, 20) < $volume, -1 * TS_RANK(ABS(TS_DELTA($close, 7)), 60) * SIGN(TS_DELTA($close, 7)), -1)",0.005660932203574895,4.605410670113957,0.0025076141296140274,1.3177079729082557,0.44296840863603026,0.5570315913639697,alpha101
"-1 * CS_RANK((TS_SUM($open, 5) * TS_SUM($return, 5)) - DELAY(TS_SUM($open, 5) * TS_SUM($return, 5), 10))",0.007420491440421945,3.553417012549019,0.005860761946437708,1.9718908855766606,0.7898077901568811,0.21019220984311893,alpha101
"IF_ELSE(TS_MIN(TS_DELTA($close, 1), 5) > 0, TS_DELTA($close, 1), IF_ELSE(TS_MAX(TS_DELTA($close, 1), 5) < 0, TS_DELTA($close, 1), -1 * TS_DELTA($close, 1)))",0.008652391489101498,4.042787354766712,0.009274402417089076,2.8567289909661135,1.0718889024810145,-0.07188890248101454,alpha101
"CS_RANK(IF_ELSE(TS_MIN(TS_DELTA($close, 1), 4) > 0, TS_DELTA($close, 1), IF_ELSE(TS_MAX(TS_DELTA($close, 1), 4) < 0, TS_DELTA($close, 1), -1 * TS_DELTA($close, 1))))",0.0041115293910377925,2.1174799723611466,0.007168308495071253,2.322506363844316,1.7434652201919194,-0.7434652201919194,alpha101
"SIGN(TS_DELTA($volume, 1)) * (-1 * TS_DELTA($close, 1))",0.001419639928148385,1.0716268425895947,0.005246591928175961,3.0429495269743763,3.695720178157437,-2.695720178157437,alpha101
"-1 * CS_RANK(TS_COV(CS_RANK($close), CS_RANK($volume), 5))",0.006265820212819426,6.581392445262162,0.0016993799831886887,1.4248650199182893,0.27121429046302303,0.728785709536977,alpha101
"(-1 * CS_RANK(TS_DELTA($return, 3))) * TS_CORR($open, $volume, 10)",0.003140725839914153,2.5958071366896496,-0.0002295151823306754,-0.11754237329327985,-0.07307711466370743,1.0730771146637075,alpha101
"-1 * TS_SUM(CS_RANK(TS_CORR(CS_RANK($high), CS_RANK($volume), 3)), 3)",0.005666437743664422,6.501447571898747,0.0005294473543494879,0.4527914884540633,0.09343566069202063,0.9065643393079794,alpha101
"-1 * CS_RANK(TS_COV(CS_RANK($high), CS_RANK($volume), 5))",0.007198348774266414,7.8678395910027445,0.0009707636383174548,0.7518902240301996,0.13485921129410483,0.8651407887058952,alpha101
"((-1 * CS_RANK(TS_RANK($close, 10))) * CS_RANK(TS_DELTA(TS_DELTA($close, 1), 1))) * CS_RANK(TS_RANK($volume / (TS_MEAN($volume, 20) + 1e-8), 5))",0.002479740868605675,1.2864390467768954,0.007830585109892287,2.7338641785362,3.157823952103237,-2.157823952103237,alpha101
"-1 * CS_RANK((TS_STD(ABS($close - $open), 5) + ($close - $open)) + TS_CORR($close, $open, 10))",0.014316321143784524,9.09861625185031,0.009989480725507255,3.9159630588278858,0.6977686952659776,0.3022313047340224,alpha101
"(-1 * SIGN(($close - DELAY($close, 7)) + TS_DELTA($close, 7))) * (1 + CS_RANK(1 + TS_SUM($return, 250)))",0.010496291998510494,5.204587977617904,0.007709315783739249,2.658810052679051,0.7344799272765336,0.26552007272346645,alpha101
"((-1 * CS_RANK($open - DELAY($high, 1))) * CS_RANK($open - DELAY($close, 1))) * CS_RANK($open - DELAY($low, 1))",0.003929671994977152,2.4206546924705727,-0.0010726585818639743,-0.35570969049915824,-0.2729638970466315,1.2729638970466315,alpha101
"IF_ELSE(TS_MEAN($close, 8) + TS_STD($close, 8) < TS_MEAN($close, 2), -1, IF_ELSE(TS_MEAN($close, 2) < TS_MEAN($close, 8) - TS_STD($close, 8), 1, IF_ELSE($volume / (TS_MEAN($volume, 20) + 1e-8) >= 1, 1, -1)))",0.00662924108048156,5.297862828030537,0.00554740387468197,2.5898885008821515,0.8368082873038307,0.16319171269616928,alpha101
"-1 * (TS_DELTA(TS_CORR($high, $volume, 5), 5) * CS_RANK(TS_STD($close, 20)))",0.003235961173073093,2.752146981458321,0.0019064279686842964,1.182760988641929,0.5891380850141105,0.41086191498588953,alpha101
"IF_ELSE(TS_MEAN($high, 20) < $high, -1 * TS_DELTA($high, 2), 0)",0.0074034821327668915,4.344593952469937,0.004924408460079493,1.8895161505039768,0.6651476118628926,0.3348523881371074,alpha101
"IF_ELSE(TS_DELTA(TS_MEAN($close, 100), 100) / (DELAY($close, 100) + 1e-8) <= 0.05, -1 * ($close - TS_MIN($close, 100)), -1 * TS_DELTA($close, 3))",0.013286787067697075,7.567122810145896,0.008260312619803067,3.5232403374684225,0.6216937607049935,0.3783062392950065,alpha101
"-1 * TS_MAX(TS_CORR(TS_RANK($volume, 5), TS_RANK($high, 5), 5), 3)",0.004992511275554195,4.330041737392516,0.005856684325330782,3.3838767583041824,1.173093860400077,-0.1730938604000769,alpha101
"(TS_CORR(TS_MEAN($dollar_volume, 20), $low, 5) + (($high + $low) / 2)) - $close",0.012546592854004904,9.141157998106253,0.007930208516875677,3.712236833858043,0.6320607203209224,0.3679392796790776,alpha101
"(((1.0 - CS_RANK((SIGN($close - DELAY($close, 1)) + SIGN(DELAY($close, 1) - DELAY($close, 2))) + SIGN(DELAY($close, 2) - DELAY($close, 3)))) * TS_SUM($volume, 5)) / (TS_SUM($volume, 20) + 1e-8))",0.009431054239464765,5.736662336877179,0.006328397651684686,2.3110078217282126,0.6710169924803483,0.3289830075196517,alpha101
"(CS_RANK(CS_RANK(CS_RANK(TS_DECAY_LINEAR(-1 * CS_RANK(CS_RANK(TS_DELTA($close, 10))), 10)))) + CS_RANK(-1 * TS_DELTA($close, 3))) + SIGN(TS_CORR(TS_MEAN($dollar_volume, 20), $low, 12))",0.003724603157801997,2.8093006038254766,0.0021925984835895647,1.1538736800902984,0.5886797574653523,0.4113202425346477,alpha101
CS_RANK(-1 * (1 - ($open / ($close + 1e-8)))),0.013702900083679852,8.207201878681166,0.012674759490155304,3.859836972491258,0.9249691242550135,0.07503087574498646,alpha101
"CS_RANK((1 - CS_RANK(TS_STD($return, 2) / (TS_STD($return, 5) + 1e-8))) + (1 - CS_RANK(TS_DELTA($close, 1))))",0.010500111105499556,5.936811854825681,0.009325944188922823,3.8119754276694877,0.8881757626391449,0.11182423736085512,alpha101
"(TS_RANK($volume, 32) * (1 - TS_RANK(($close + $high) - $low, 16))) * (1 - TS_RANK($return, 32))",0.011324601047327427,5.8292510128195945,0.007252580522721278,2.450647745724226,0.6404270218801983,0.3595729781198017,alpha101
"CS_RANK(TS_CORR(DELAY($open - $close, 1), $close, 200)) + CS_RANK($open - $close)",0.012422490489624731,8.907062038982488,0.012148492524973737,5.029087602614166,0.9779433950961897,0.02205660490381034,alpha101
"(-1 * CS_RANK(TS_RANK($close, 10))) * CS_RANK($close / ($open + 1e-8))",0.013691692200792834,7.677168250318608,0.012795811986696697,4.04870786944829,0.9345676048688665,0.06543239513113353,alpha101
"(-1 * CS_RANK(TS_DELTA($close, 7) * (1 - CS_RANK(TS_DECAY_LINEAR($volume / (TS_MEAN($volume, 20) + 1e-8), 9))))) * (1 + CS_RANK(TS_SUM($return, 250)))",0.005752938301617526,2.6556681936666227,0.004429435369547103,1.4672488295609512,0.7699431381528461,0.2300568618471539,alpha101
"(-1 * CS_RANK(TS_STD($high, 10))) * TS_CORR($high, $volume, 10)",0.0042625527046639055,3.356438731352383,0.002103242162810876,1.1034345673786683,0.49342314536301146,0.5065768546369885,alpha101
"TS_RANK($volume / (TS_MEAN($volume, 20) + 1e-8), 20) * TS_RANK(-1 * TS_DELTA($close, 7), 8)",0.007036026917258855,4.479337158558474,0.004167486584613273,1.6479771239492542,0.5923067995079349,0.40769320049206514,alpha101
"-1 * TS_CORR($high, CS_RANK($volume), 5)",0.0068592288946684,7.088307972351322,0.003898176013979209,2.854180585411385,0.5683111139517761,0.43168888604822386,alpha101
"-1 * ((CS_RANK(TS_MEAN(DELAY($close, 5), 20)) * TS_CORR($close, $volume, 2)) * CS_RANK(TS_CORR(TS_SUM($close, 5), TS_SUM($close, 20), 2)))",0.0015354581693629442,1.4634962703325298,0.0029494613747580345,2.058214633203704,1.9208998549154581,-0.9208998549154581,alpha101
"IF_ELSE(((DELAY($close, 20) - DELAY($close, 10)) / 10) - ((DELAY($close, 10) - $close) / 10) > 0.25, -1, IF_ELSE(((DELAY($close, 20) - DELAY($close, 10)) / 10) - ((DELAY($close, 10) - $close) / 10) < 0, 1, -1 * ($close - DELAY($close, 1))))",0.005003642549773964,2.948719085167716,0.006314253925281605,2.4069900079913866,1.261931455428775,-0.26193145542877505,alpha101
"IF_ELSE(((DELAY($close, 20) - DELAY($close, 10)) / 10) - ((DELAY($close, 10) - $close) / 10) < -0.1, 1, -1 * ($close - DELAY($close, 1)))",0.0033980047535849115,1.8029798096497893,0.009202579999053521,3.6433808628607687,2.7082304665244377,-1.7082304665244377,alpha101
"IF_ELSE(((DELAY($close, 20) - DELAY($close, 10)) / 10) - ((DELAY($close, 10) - $close) / 10) < -0.05, 1, -1 * ($close - DELAY($close, 1)))",0.003177616735446235,1.711665762825422,0.008824043275382021,3.5169209518182467,2.7769375635991715,-1.7769375635991715,alpha101
"(((-1 * TS_MIN($low, 5)) + DELAY(TS_MIN($low, 5), 5)) * CS_RANK((TS_SUM($return, 240) - TS_SUM($return, 20)) / 220)) * TS_RANK($volume, 5)",0.006652730703636966,3.4680222122731736,0.007857354769696049,2.868269873180033,1.181072122068691,-0.18107212206869105,alpha101
"-1 * TS_DELTA((($close - $low) - ($high - $close)) / (($close - $low) + 1e-8), 9)",0.0040438601397717235,2.7389537095113337,0.0011516019049704412,0.4235352012203171,0.284777876871738,0.715222123128262,alpha101
"(-1 * (($low - $close) * POWER($open, 5))) / (((($low - $high) * POWER($close, 5))) + 1e-8)",0.009620372223140824,7.099578630156761,0.006010217207509331,2.3811343353777383,0.624738530703871,0.375261469296129,alpha101
"-1 * TS_CORR(CS_RANK(($close - TS_MIN($low, 12)) / ((TS_MAX($high, 12) - TS_MIN($low, 12)) + 1e-8)), CS_RANK($volume), 6)",0.0021600396825542474,2.4038215071678413,0.0011190577499558664,1.0117754935147332,0.5180727738448677,0.4819272261551323,alpha101
"IF_ELSE(TS_RANK(TS_CORR(CS_RANK($high), CS_RANK(TS_MEAN($dollar_volume, 15)), 9), 14) < CS_RANK(TS_DELTA(($close * 0.518371) + ($low * 0.481629), 1)), 1, 0) * -1",0.005491202179466806,4.391274176123316,0.004198500292333813,2.2701789252510918,0.7645867252954592,0.23541327470454076,alpha101
"POWER(CS_RANK(TS_CORR(($high * 0.876703) + ($close * 0.123297), TS_MEAN($dollar_volume, 30), 10)), CS_RANK(TS_CORR(TS_RANK(($high + $low) / 2, 4), TS_RANK($volume, 10), 7)))",0.0008922804934510263,0.7226093470606533,0.002127179616113006,1.279672670815059,2.383980857729866,-1.383980857729866,alpha101
"MIN(CS_RANK(TS_DECAY_LINEAR((CS_RANK($open) + CS_RANK($low)) - (CS_RANK($high) + CS_RANK($close)), 8)), TS_RANK(TS_DECAY_LINEAR(TS_CORR(TS_RANK($close, 8), TS_RANK(TS_MEAN($dollar_volume, 60), 21), 8), 7), 3))",0.008065245642748861,7.881714710011689,0.0031731289799619517,2.019560042120546,0.39343240373773175,0.6065675962622683,alpha101
"MIN(TS_RANK(TS_DECAY_LINEAR(IF_ELSE((((($high + $low) / 2) + $close) < ($low + $open)), 1, 0), 15), 19), TS_RANK(TS_DECAY_LINEAR(TS_CORR(CS_RANK($low), CS_RANK(TS_MEAN($dollar_volume, 30)), 8), 7), 7))",0.0026354370385057125,2.661029438952805,0.003089063721084077,1.9785581568253292,1.1721257901253335,-0.17212579012533347,alpha101
"IF_ELSE(CS_RANK($open - TS_MIN($open, 12)) < TS_RANK(POWER(CS_RANK(TS_CORR(TS_SUM(($high + $low) / 2, 19), TS_SUM(TS_MEAN($dollar_volume, 40), 19), 13)), 5), 12), 1, 0)",0.000748061346542938,0.6292818599855013,-0.0020885515933699327,-1.3438845578017535,-2.791952295118422,3.791952295118422,alpha101
"IF_ELSE(CS_RANK(TS_CORR(TS_SUM(($high + $low) / 2, 20), TS_SUM(TS_MEAN($dollar_volume, 60), 20), 9)) < CS_RANK(TS_CORR($low, $volume, 6)), 1, 0) * -1",0.000998034137301408,0.8861773938308021,0.0023621560471274255,1.44902102553275,2.366808868396503,-1.366808868396503,alpha101
($close - $open) / (($high - $low) + 0.001),0.011719040990021832,7.323971401846386,0.009948604725614563,3.242778399817376,0.8489265234318486,0.1510734765681514,alpha101
"TS_MEAN($close, 21) / (TS_STD($close, 21) + 1e-8)",0.010209043747635491,3.518988721764116,0.0034879303431008,0.9447828906983359,0.34165103307629935,0.6583489669237006,model (control)
"RANK(TS_DELTA($close, 5) / (TS_STD($close, 21) * $close + 1e-8))",0.0016240928723580672,0.7975823792468756,0.005021150022313359,1.5666958571550273,3.0916643424602968,-2.0916643424602968,model (control)
"RANK(($close / DELAY($close, 21) - 1) - ($close / DELAY($close, 5) - 1))",0.0010360736168930139,0.42327385625045094,-0.0015265612541118202,-0.42518001588543125,-1.4734100253316793,2.4734100253316793,model (control)
"RANK(EMA($return, 10) / (TS_STD($return, 21) + 1e-8))",0.006605740675328387,2.9436262731880873,0.007061013985952966,2.0494533481845068,1.068920857327168,-0.06892085732716802,model (control)
"RANK(TS_DECAY_LINEAR($return, 10))",0.008399490027912052,3.68848094365352,0.009609006291766387,2.6425014037099683,1.143998773715432,-0.14399877371543202,model (control)
"RANK(TS_RANK($close, 63))",0.00029920291908898383,0.11743729170255625,-0.0022275057147548676,-0.6445561395965733,-7.444799407496425,8.444799407496426,model (control)
"-RANK(TS_DELTA($close, 3) / (DELAY($close, 3) + 1e-8))",0.009809627321010699,4.01565882388195,0.0111161349446243,2.8914435777327534,1.1331862649680142,-0.13318626496801422,model (control)
"-RANK(TS_MAX($return, 5))",0.01236806762240512,5.020564508966323,0.0031815609161740086,0.9734426782768079,0.2572399353970637,0.7427600646029363,model (control)
"-RANK(ABS($close / DELAY($close, 1) - 1))",0.0093825160028465,4.091997916722801,-0.0006342344818133171,-0.23061623271104414,-0.06759748468544055,1.0675974846854406,model (control)
"-RANK(TS_STD($return, 21))",0.01099490276159615,3.0270257172985953,0.0010954736330282377,0.2504566867169903,0.09963468134112045,0.9003653186588796,model (control)
-RANK(($high - $low) / ($close + 1e-8)),0.0006452925795011282,0.3218414804128123,0.0049352533309261325,1.6485805784112886,7.648086290937279,-6.648086290937279,model (control)
"RANK(($close - TS_MIN($low, 21)) / (TS_MAX($high, 21) - TS_MIN($low, 21) + 1e-8))",0.011991616987227923,9.003120229269252,0.0071025058760806545,2.693699080775945,0.5922892537049356,0.40771074629506443,model (control)
"-RANK(TS_ARGMAX($close, 21))",0.0024034790535246583,1.2827936262025788,0.005170926802345927,1.8403999775765938,2.1514341033107223,-1.1514341033107223,model (control)
"RANK(TS_MEAN($dollar_volume, 5) / (TS_MEAN($dollar_volume, 21) + 1e-8))",0.0009959854480842505,0.8694393725111775,-0.0015576314534354418,-0.9128767924836476,-1.5639098507227203,2.5639098507227205,model (control)
"RANK(TS_CORR($close, $volume, 10))",0.002357544347390526,1.8580533936110386,0.0034612870617789764,1.761660108149233,1.4681747410648458,-0.4681747410648458,model (control)
"-RANK(TS_CORR(RANK($close), RANK($volume), 5))",0.006282000161000174,6.832658120305249,0.001367358196916457,1.1528928321687224,0.217662871995017,0.782337128004983,model (control)
-RANK(LOG($dollar_volume + 1)),0.0038209950745346785,2.3622273795871505,-0.002387980328582722,-1.2001770304565236,-0.6249629434221479,1.624962943422148,model (control)
"IF(TS_MEAN($return, 5) > 0, RANK($volume), -RANK($volume))",0.004964367828785469,2.5923434309464937,0.004435290090566759,1.723784882647448,0.8934249522867952,0.1065750477132048,model (control)
"RANK(TS_COV($return, CS_DEMEAN($return), 21))",0.01088642085460749,3.2520243188316584,0.001637401015741787,0.4360855445392199,0.15040765349878837,0.8495923465012116,model (control)
"RANK(MIN(TS_RANK($volume, 10), TS_RANK($close, 10)))",0.001347193023705238,0.8585622314845475,0.005716014553599746,2.509129355168146,4.242906883438845,-3.2429068834388453,model (control)
"TS_DELTA($close, 21) / (TS_STD($close, 21) + 1e-8)",0.002665725531389088,1.1323348147049717,0.0055121728098400866,1.594148304194676,2.0677945816003565,-1.0677945816003565,model (control)
"-TS_DELTA($close, 5) / (TS_STD($close, 5) + 1e-8)",0.005565338986467076,2.7002639089679445,0.005246149948455551,1.6631470188681465,0.9426469728460964,0.05735302715390356,model (control)
"TS_STD($return, 21)",0.01099490276159615,3.0270257172985953,0.0010954736330282377,0.2504566867169903,0.09963468134112045,0.9003653186588796,model (control)
"TS_MEAN($dollar_volume, 21)",0.0045614785474740495,2.8149816677724715,-0.0024244471871962786,-1.2046111935331627,-0.5315046781353018,1.5315046781353017,model (control)
"TS_DELTA(TS_MEAN($volume, 5), 5) / (TS_MEAN($volume, 21) + 1e-8)",0.0017660843062655026,1.656207395943401,0.0005296882765322676,0.3139865503106649,0.2999224185692059,0.7000775814307941,model (control)
($high - $low) / ($close + 1e-8),0.0006452925795011282,0.3218414804128123,0.0049352533309261325,1.6485805784112886,7.648086290937279,-6.648086290937279,model (control)
"CS_RANK(TS_DELTA($close, 21)) * CS_RANK(TS_MEAN($dollar_volume, 21))",0.00399018365804472,1.964728130515079,0.0010497142050445865,0.39413426650907735,0.2630741577341255,0.7369258422658744,model (control)
"-TS_CORR($return, $volume, 10)",0.001735799609444796,1.279838765846648,-0.007035754665336544,-3.540792140284485,-4.053321954362557,5.053321954362557,model (control)
"($close - TS_MIN($low, 21)) / (TS_MAX($high, 21) - TS_MIN($low, 21) + 1e-8)",0.011991616987227923,9.003120229269252,0.0071025058760806545,2.693699080775945,0.5922892537049356,0.40771074629506443,model (control)
"TS_MEAN($return, 63) / (TS_STD($return, 63) + 1e-8)",0.0017279771697267436,0.6451579402604606,0.0015119753784905144,0.4117527964237018,0.8749973118739832,0.12500268812601678,model (control)
"TS_CORR($close, $volume, 21)",0.0028446517736249377,2.103259092884777,0.0008060688384631413,0.38240497205014534,0.28336292193542145,0.7166370780645785,model (control)
"TS_STD(MIN($return, 0), 21)",0.009685119269749874,2.701646691000693,-0.0011849526871628266,-0.27987696332423717,-0.12234776404497794,1.122347764044978,model (control)
"($open - DELAY($close, 1)) / (DELAY($close, 1) + 1e-8)",0.008051562585860993,4.788385811505952,0.004177253896485543,1.2804501291142572,0.5188128207338337,0.4811871792661663,model (control)
"TS_MEAN(ABS($return) / ($dollar_volume + 1e-8), 21)",5.2441049578140504e-05,0.026673717559088574,0.003420219421086359,1.279191295230517,65.22027016240425,-64.22027016240425,model (control)
"TS_DECAY_LINEAR($return, 10)",0.008399490027912052,3.68848094365352,0.009609006291766387,2.6425014037099683,1.143998773715432,-0.14399877371543202,model (control)
"CS_RANK(-TS_DELTA($close, 5)) * CS_RANK($volume)",0.004237588558613759,2.0426118156447277,0.001414598116599584,0.547209266783167,0.33382148762982805,0.666178512370172,model (control)
"TS_DELTA(TS_MEAN(($high - $low) / ($close + 1e-8), 5), 5)",9.834555893473163e-06,0.006576597063760601,-0.0005042638988404057,-0.2550613953591936,-51.2746995698166,52.2746995698166,model (control)
"$volume / (TS_MEAN($volume, 21) + 1e-8)",0.004579828714232409,3.882781896659273,0.0013392268357632529,0.777252933792357,0.2924185421174012,0.7075814578825987,model (control)
"TS_RANK($close, 252)",0.007331669521265001,2.396087216169344,0.008595520210926202,2.0533088439443077,1.1723823865758665,-0.17238238657586646,model (control)
"CS_ZSCORE(TS_STD($return, 5)) - CS_ZSCORE(TS_STD($return, 21))",0.00018379102492755258,0.10536002588911049,0.0014515292664884268,0.5961175799956692,7.897715718493849,-6.897715718493849,model (control)
"CS_RANK(TS_DELTA($close, 21) / (TS_STD($return, 21) + 1e-8))",0.003446902242916169,1.5136679407772935,0.00347148685513477,1.1560688245441326,1.00713237872328,-0.007132378723279986,model (control)
"-CS_RANK(TS_DELTA($close, 3) / (TS_STD($close, 21) + 1e-8))",0.004684190276702842,2.276631163597008,0.00686450170278729,1.9713033986010144,1.4654617548156368,-0.4654617548156368,model (control)
"-CS_RANK(TS_STD($return, 21))",0.01099490276159615,3.0270257172985953,0.0010954736330282377,0.2504566867169903,0.09963468134112045,0.9003653186588796,model (control)
"-CS_RANK(TS_STD(TS_STD($return, 5), 21))",0.008636645103090116,3.017406740792576,0.0010081024426793813,0.31744937729762984,0.11672384712423706,0.8832761528757629,model (control)
"CS_RANK(TS_MEAN(ABS($return) / ($dollar_volume + 1e-8), 21))",5.2441049578140504e-05,0.026673717559088574,0.003420219421086359,1.279191295230517,65.22027016240425,-64.22027016240425,model (control)
"CS_RANK(TS_DELTA(TS_MEAN($volume, 5), 5) / (TS_MEAN($volume, 21) + 1e-8))",0.0017660843062655026,1.656207395943401,0.0005296882765322676,0.3139865503106649,0.2999224185692059,0.7000775814307941,model (control)
"CS_RANK(TS_CORR($close, $volume, 10))",0.002357544347390526,1.8580533936110386,0.0034612870617789764,1.761660108149233,1.4681747410648458,-0.4681747410648458,model (control)
"-CS_RANK(TS_MEAN(($high - $low) / ($close + 1e-8), 21))",0.0014926593332467049,0.6176666097631778,0.0030543085537832653,0.7907891985982781,2.046219445893119,-1.046219445893119,model (control)
"CS_RANK(($close - TS_MIN($low, 21)) / (TS_MAX($high, 21) - TS_MIN($low, 21) + 1e-8))",0.011991616987227923,9.003120229269252,0.0071025058760806545,2.693699080775945,0.5922892537049356,0.40771074629506443,model (control)
"CS_RANK(($open - DELAY($close, 1)) / (DELAY($close, 1) + 1e-8))",0.008051562585860993,4.788385811505952,0.004177253896485543,1.2804501291142572,0.5188128207338337,0.4811871792661663,model (control)
"CS_RANK(TS_DELTA($close, 21) / (TS_STD($return, 21) + 1e-8)) * CS_RANK(-TS_STD($return, 21))",0.0067125427194961815,2.11117787348979,-0.0008605382910035234,-0.23288797974806372,-0.12819855708391115,1.1281985570839113,model (control)
"CS_RANK(TS_DELTA($close, 10)) * CS_RANK(TS_DELTA($volume, 10))",0.00038218293906162177,0.24558277060817588,0.005300704434784815,2.2379016360789503,13.869547520356864,-12.869547520356864,model (control)
"CS_RANK(TS_DECAY_LINEAR($return, 10))",0.008399490027912052,3.68848094365352,0.009609006291766387,2.6425014037099683,1.143998773715432,-0.14399877371543202,model (control)
"CS_RANK((EMA($close, 5) - EMA($close, 21)) / (EMA($close, 21) + 1e-8))",0.0014611242921433675,0.5998609184522223,0.004472088970614111,1.278439099780059,3.060717691616685,-2.060717691616685,model (control)
"CS_RANK(TS_STD(IF($return < 0, $return, 0), 21) / (TS_STD(IF($return > 0, $return, 0), 21) + 1e-8))",0.001021878113955409,0.6172446717670697,0.0030300065651161006,1.0637951053039016,2.9651350036138644,-1.9651350036138644,model (control)
"CS_RANK(-TS_DELTA($close, 3) / (TS_STD($close, 21) + 1e-8)) * CS_RANK(TS_DELTA($dollar_volume, 3) / (TS_MEAN($dollar_volume, 21) + 1e-8))",0.005509487174114124,3.5453633294265283,0.005676388533857355,2.096862326069821,1.0302934473697305,-0.030293447369730497,model (control)
"CS_RANK(TS_DELTA($close, 21) / (TS_STD($close, 21) + 1e-8))",0.002665725531389088,1.1323348147049717,0.0055121728098400866,1.594148304194676,2.0677945816003565,-1.0677945816003565,model (control)
"-CS_RANK(TS_DELTA($close, 3))",0.010305864118819407,4.914066357310804,0.0083532661997818,2.6904793989750795,0.8105352548291421,0.18946474517085787,model (control)
"CS_RANK(TS_MEAN($dollar_volume, 21))",0.0045614785474740495,2.8149816677724715,-0.0024244471871962786,-1.2046111935331627,-0.5315046781353018,1.5315046781353017,model (control)
"CS_RANK(TS_MEAN($volume, 5) / (TS_MEAN($volume, 21) + 1e-8))",0.0018107562691850043,1.5755769267465618,-0.00027071284163291385,-0.1628259257246276,-0.14950263944399203,1.149502639443992,model (control)
-CS_RANK(($high - $low) / ($close + 1e-8)),0.0006452925795011282,0.3218414804128123,0.0049352533309261325,1.6485805784112886,7.648086290937279,-6.648086290937279,model (control)
"CS_RANK(TS_CORR($return, $volume, 10))",0.001735799609444796,1.279838765846648,-0.007035754665336544,-3.540792140284485,-4.053321954362557,5.053321954362557,model (control)
"-CS_RANK(TS_DELTA($close, 5) / (TS_STD($return, 21) + 1e-8))",0.008147314328016311,3.9979866589339212,0.004327667856925568,1.5472850956429438,0.531177230028298,0.468822769971702,model (control)
"CS_RANK(TS_DELTA(TS_DELTA($close, 5), 5))",0.0059764382070064135,2.816161168283469,0.0019233588087774066,0.6532666403365288,0.3218235916038716,0.6781764083961284,model (control)
"CS_RANK(TS_SUM(SIGN($return) * $volume, 10))",0.002898390071769588,1.7112477739910708,0.008042375078519006,3.070131415106097,2.774773194557902,-1.774773194557902,model (control)
"-CS_RANK(TS_STD($high - $low, 10))",1.7640269202881802e-05,0.010964073168917388,0.007176721483797039,2.6579084408271583,406.8374128113994,-405.8374128113994,model (control)
"-CS_RANK(($open - DELAY($close, 1)) / (DELAY($close, 1) + 1e-8))",0.008051562585860993,4.788385811505952,0.004177253896485543,1.2804501291142572,0.5188128207338337,0.4811871792661663,model (control)
CS_RANK((($close - $low) - ($high - $close)) / ($high - $low + 1e-8)),0.013636253031670242,8.93466865258583,0.007754676279499396,2.8975567892694825,0.5686808730733535,0.43131912692664653,model (control)
"CS_RANK(TS_DELTA(TS_MEAN($volume, 5), 10))",0.00042221647603454685,0.3335043290407456,-0.0004548471302931996,-0.2782171689526819,-1.07728418029803,2.07728418029803,model (control)
"-CS_RANK(TS_CORR($volume, $high - $low, 10))",0.005279173716389644,4.85010439951392,0.002822436664174744,1.9073181470504077,0.5346360653774755,0.46536393462252446,model (control)
"CS_RANK((($close - $open) / ($open + 1e-8)) - (($open - DELAY($close, 1)) / (DELAY($close, 1) + 1e-8)))",0.012121841194425376,7.275674217850596,0.011863040969436757,3.889096135180629,0.9786500894676267,0.02134991053237334,model (control)
"-CS_RANK(TS_STD($volume, 21) / (TS_MEAN($volume, 21) + 1e-8))",0.0023705711657001816,1.8720406776573504,0.004030281575301027,3.1316558607925007,1.7001310205806988,-0.7001310205806988,model (control)
"RANK(TS_CORR(RANK($close), RANK($volume), 10))",0.004835956177399633,5.338577670429197,0.0009247339228207911,0.7225750870484917,0.19122049267990568,0.8087795073200943,model (control)
RANK($roa),0.009700424549127364,4.518872357226216,0.00921880858295149,3.1384281960803087,0.9503510424995574,0.049648957500442625,model (control)
RANK($roe),0.00893265875197375,4.656881120776997,0.007720449092670926,3.8854790981987195,0.8642946413871485,0.1357053586128515,model (control)
RANK($operating_margin),0.004201011053134799,2.337565899877569,0.006192002009699745,2.56583845503462,1.4739313777999385,-0.47393137779993855,model (control)
RANK($book_per_share / ($close + 1e-8)),0.006026102561977704,3.3281613695996324,-0.005762346144696784,-1.8387452191691758,-0.9562310109115769,1.9562310109115768,model (control)
RANK($earnings_per_share / ($close + 1e-8)),0.015282245188443445,8.243465042834542,0.005293227861210054,2.294149921933486,0.3463645423784219,0.6536354576215782,model (control)
-RANK($leverage),0.0006761773753767426,0.36832365685019486,0.005008302110799504,2.3310547187462145,7.406787469055811,-6.406787469055811,model (control)
RANK($asset_turnover),0.006022957869118579,3.6894165955583604,0.005662795943551976,2.2886859524749132,0.9402018188748662,0.0597981811251338,model (control)
-RANK($accrual_gap),0.006238537525763462,4.8713914785995875,0.0025757977893630215,1.5658209478329932,0.41288487545769786,0.5871151245423021,model (control)
"RANK(TS_DELTA($roa, 63))",0.003041385528783807,2.9012073110861367,0.0021598106457658907,1.4544077504532018,0.7101403703428413,0.2898596296571587,model (control)
"RANK(TS_DELTA($operating_margin, 63))",0.002714573320549301,2.289631868309893,0.0037730256604587664,2.458615585765194,1.3899148097776504,-0.38991480977765036,model (control)
"RANK($roa) - RANK(TS_STD($return, 21))",0.012955712850219117,4.031614001642968,0.006580308572610055,1.5960189298855305,0.5079078742084627,0.49209212579153727,model (control)
"RANK($book_per_share / ($close + 1e-8)) - RANK(TS_MEAN($return, 63))",0.0036427163181761753,1.502436558939183,-0.003894866560340184,-1.0687899077682477,-1.0692203894401127,2.0692203894401127,model (control)
"POWER((TS_RANK($dollar_volume, 252) * ZSCORE($return)), 1)",0.009606464792277032,3.744889792175594,0.012854541004289717,3.43938057607151,1.3381135810359628,-0.3381135810359628,random-grammar (control)
"(POWER(($high * $return), 1.5) - DELTA($volume, 21))",0.00065479645429358,0.3647153833536266,0.0054756751754429555,2.6488801920576295,8.362408103370578,-7.362408103370578,random-grammar (control)
"TS_MEAN(IF_ELSE((BOUND(($high * $open), -3, 3) <= 0), $high, TS_CORR($dollar_volume, $volume, 252)), 21)",0.002582654004119809,0.772643348094299,-0.007026337579631348,-1.9911400260268708,-2.720588034023545,3.720588034023545,random-grammar (control)
"TS_COVARIANCE(TS_CORR($open, MAX(($dollar_volume * $close), $low), 252), ($return + $dollar_volume), 5)",0.002018021964079031,1.6929030167873511,0.00397623847791983,2.369198470184101,1.9703643214480442,-0.9703643214480442,random-grammar (control)
"MAX((COUNT(($volume < ($close * $return)), 3) + ZSCORE(($low - $high))), IF_ELSE((IF_ELSE(($dollar_volume > 0), ($dollar_volume + $high), $close) > $low), $open, $return))",0.006220625434453659,2.5495884590762072,0.007152194551818151,2.213400239951063,1.1497548963814614,-0.14975489638146144,random-grammar (control)
"(TS_SUM(($return - $open), 3) - POWER($low, 0.25))",0.006465261738569543,2.653031164119261,0.007259997809314149,2.247747630967204,1.1229240366253825,-0.12292403662538254,random-grammar (control)
"MIN($high, (CS_RANK(($low + $low)) * TS_DECAY_LINEAR($open, 3)))",0.006337814782709431,2.5884712669484125,0.007163955209372548,2.2146463750869283,1.130350989258468,-0.130350989258468,random-grammar (control)
"TS_COVARIANCE(($close - $volume), ($close - $dollar_volume), 3)",0.008404107290623672,5.2492803285634935,0.0017647639780798085,0.9834729159630579,0.20998827323976782,0.7900117267602322,random-grammar (control)
"(BOUND(TS_MEAN(MIN($return, ($close * $open)), 21), -3, 3) / (BOUND($high, -3, 3) + 1e-8))",0.002281326372882873,0.9154681954262253,0.004184588010749381,1.1732465936414693,1.8342785409793814,-0.8342785409793814,random-grammar (control)
"DELTA(RANK(TS_DELTA($low, 21)), 21)",0.0008192313577018209,0.42502162031788565,0.004411840562608451,1.5163488888629215,5.3853414192846945,-4.3853414192846945,random-grammar (control)
"SQRT((BOUND($return, -3, 3) / (TS_CORR(($close * $low), $open, 63) + 1e-8)))",0.013774090144843154,5.814369206054425,0.006950665502711289,2.060887272421594,0.5046188481141551,0.49538115188584486,random-grammar (control)
"IF_ELSE(($low <= $return), ($volume - $high), COUNT(($open < $high), 21))",0.0007859916811831369,0.6337787635159525,0.002332694767887496,1.8223841960288958,2.96783645900188,-1.9678364590018802,random-grammar (control)
"((CS_DEMEAN(($open - $low)) / (MIN($return, ($dollar_volume + $close)) + 1e-8)) - ZSCORE(($return * $return)))",0.004334486671205649,3.400628959633908,0.001853831829124338,1.132226921476584,0.4276935124612322,0.5723064875387678,random-grammar (control)
"POWER(IF((CS_RANK(($volume + $low)) > 0), ($return + $low), ($close - $open)), 3)",0.006286100481620057,2.5596754315750916,0.007064076345238773,2.181855840701303,1.1237612834687325,-0.1237612834687325,random-grammar (control)
"MAX(MIN($dollar_volume, $low), $high)",0.006068102181908102,2.501281021387614,0.007114568453453639,2.2072072209222644,1.172453633800952,-0.1724536338009519,random-grammar (control)
"TS_MEAN(MIN(MIN($open, $open), $open), 63)",0.007171279056372203,3.0821480286761465,0.0072335592217564,2.2845295475901755,1.008684666277051,-0.008684666277051,random-grammar (control)
"POWER(IF_ELSE(($high <= ($open + $open)), ($close - $return), $open), 1.5)",0.004528548478019757,2.613084830097504,-0.0028127271758036127,-0.9903076811630349,-0.62111009509024,1.62111009509024,random-grammar (control)
"(COUNT(($high < 0), 252) + TS_RANK(($low - $dollar_volume), 63))",0.0028558246187808914,2.0501113368046466,-0.0006670159168894979,-0.3674177462710464,-0.23356333316232736,1.2335633331623272,random-grammar (control)
"(MIN($low, ($high + $low)) * MIN(($volume + $dollar_volume), ($open * $open)))",0.006264469122049201,2.561721996857566,0.007163809899197325,2.2143363026097105,1.1435621693756448,-0.1435621693756448,random-grammar (control)
"IF(($return < 0), ($return + $high), ($dollar_volume - $open))",0.005111232907999673,2.5246461793567936,0.006247292901642842,2.037320568951565,1.222267310860576,-0.22226731086057594,random-grammar (control)
"(EMA(($volume * $close), 5) / (IF_ELSE(($open < 0), ($volume + $open), ($close + $dollar_volume)) + 1e-8))",0.012460770699279672,9.275125084763621,0.004225490008408841,2.6454317802020233,0.3391034238879868,0.6608965761120131,random-grammar (control)
"MAX(TS_ARGMIN(($volume - $dollar_volume), 252), ($close + $high))",0.0013769011454805094,1.1860869245950107,-0.0051282247519364105,-2.0057514702210937,-3.724468360542157,4.724468360542157,random-grammar (control)
"(COUNT((($dollar_volume - $dollar_volume) <= ($return + $dollar_volume)), 63) / (MAX(($open * $return), ($volume + $high)) + 1e-8))",0.009014628387787058,4.474832364997489,0.00395985484544134,1.6844591818384946,0.4392698927896038,0.5607301072103962,random-grammar (control)
$return,0.009160825301501165,3.4100347451802393,0.01252777227709664,3.1846282087789604,1.367537515975088,-0.367537515975088,random-grammar (control)
"IF_ELSE(($open > 0), $open, ($volume * $volume))",0.006242193452300144,2.5585483813297394,0.007208029841066306,2.2298369128186963,1.1547270837000843,-0.15472708370008426,random-grammar (control)
"(TS_DELTA($volume, 21) - BOUND(($volume - $dollar_volume), -3, 3))",0.001651454505680389,1.2712429382978587,-0.0018022847863622736,-1.0160392646341805,-1.0913317806594638,2.0913317806594636,random-grammar (control)
"MAX($dollar_volume, MIN($open, MIN(($close * $open), ($low + $close))))",0.004996143260826488,3.0761927990423463,-0.0019725847890754134,-0.9612341875314476,-0.39482150252615017,1.3948215025261501,random-grammar (control)
"TS_PRODUCT(IF((($open - $volume) >= $dollar_volume), $high, $low), 5)",0.006617071744745095,2.7019694045665985,0.007245304941049856,2.2404539438592828,1.0949412701779557,-0.09494127017795573,random-grammar (control)
"IF_ELSE(($dollar_volume <= 0), ($open - $open), ($low - $dollar_volume))",0.005015672541620109,3.0877108358069636,-0.001972569114665073,-0.9612228303980813,-0.3932810801137179,1.3932810801137179,random-grammar (control)
"POWER(DELAY($dollar_volume, 21), 0.5)",0.0053041280498117415,3.2254876057964954,-0.0028924347562006543,-1.4850353464637822,-0.545317671262351,1.5453176712623509,random-grammar (control)
"IF(((COUNT((BOUND($return, -3, 3) <= ($high - $open)), 63) * EMA($high, 5)) > $return), CS_DEMEAN(($low * $open)), $high)",0.0065370405940869914,2.656165334524065,0.006987538193142956,2.1625479258826443,1.0689146093820279,-0.06891460938202787,random-grammar (control)
"(EMA($return, 21) - POWER(POWER(($volume * $high), 1.5), 0.5))",0.005016110527835204,3.0836627120836426,-0.0022452755283545287,-1.0937766605165586,-0.44761284981563576,1.4476128498156358,random-grammar (control)
"MIN(($high * $volume), TS_COVARIANCE($return, $close, 63))",0.011181787945357138,4.50150896667655,0.002418544979730053,0.8654621836889492,0.21629322533649661,0.7837067746635034,random-grammar (control)
"TS_CORR(TS_CORR($return, $dollar_volume, 252), TS_COVARIANCE(($return - $volume), $close, 252), 5)",0.0019654999243519356,1.7210457278694729,-0.003374812038431501,-2.2028183795909757,-1.7170247612928522,2.717024761292852,random-grammar (control)
"SIGN(TS_DELTA(($open + $open), 252))",0.010596875447840994,4.309835648733733,0.008270806804088406,2.362369838683005,0.7804948585833854,0.2195051414166146,random-grammar (control)
"BOUND($return, -3, 3)",0.009160825301501165,3.4100347451802393,0.01252777227709664,3.1846282087789604,1.367537515975088,-0.367537515975088,random-grammar (control)
"(POWER($low, 1) + COUNT(($high >= $volume), 3))",0.006287975613014171,2.5603308146595887,0.0070628369182556845,2.1817854556658434,1.1232290570017145,-0.12322905700171449,random-grammar (control)
"(BOUND($open, -3, 3) * TS_COVARIANCE(($volume * $dollar_volume), $return, 21))",0.002207574607270762,1.505558871338081,0.002310190504122391,1.2459695171129006,1.0464835464738806,-0.046483546473880644,random-grammar (control)
"(BOUND(COUNT(($close < $high), 252), -3, 3) * MAX($return, POWER(($high - $dollar_volume), 3)))",0.009509671866693135,3.672125801064273,0.012869419758251248,3.252540474080023,1.3532979832169985,-0.35329798321699846,random-grammar (control)
"CS_ZSCORE((TS_MIN(($dollar_volume + $dollar_volume), 63) * TS_ARGMAX(($open * $close), 21)))",2.5810612475351998e-06,0.0013998457126979855,0.005042346444369303,2.07327476504887,1953.5942625090834,-1952.5942625090834,random-grammar (control)
"COUNT((BOUND($return, -3, 3) <= 0), 252)",0.012274748308676196,4.626107169495557,0.010555079552612968,2.8138315797779003,0.8599019130316742,0.14009808696832582,random-grammar (control)
"ZSCORE(TS_COVARIANCE(($open + $close), TS_CORR(($return + $low), ($high - $dollar_volume), 252), 63))",0.0004133266447475025,0.31078593446544706,0.0008356603075933071,0.5908182284560125,2.021791525450299,-1.0217915254502992,random-grammar (control)
"(COUNT(($return >= 0), 5) * IF_ELSE((($high + $high) > $return), $dollar_volume, IF((($volume - $return) > $high), $low, $low)))",0.007922322486711611,4.917269105398601,0.0009463754148905166,0.4013866426076064,0.11945681540708615,0.8805431845929138,random-grammar (control)
"TS_COV(ZSCORE(($volume + $open)), $open, 5)",0.004600639243654059,4.353976217994635,0.0009642308930565156,0.6357692589214684,0.20958628616371908,0.7904137138362809,random-grammar (control)
"MAX($volume, ($low - $dollar_volume))",0.00894917592452931,4.439819320199453,0.004355433587293268,1.8413840597582736,0.4866854360696174,0.5133145639303827,random-grammar (control)
"SQRT((TS_DELTA($volume, 21) + COUNT(($return > 0), 3)))",0.007006471056375064,3.511229674283898,0.003708129584599686,1.5802460087193426,0.5292435456827763,0.4707564543172237,random-grammar (control)
"(POWER(($open + $dollar_volume), 1.5) + ZSCORE($dollar_volume))",0.004996146796418186,3.07619713496921,-0.0019726343306917314,-0.9612581372303088,-0.3948311390902171,1.394831139090217,random-grammar (control)
"TS_DELTA(MIN($volume, $dollar_volume), 10)",0.002763651578022971,2.1303358451809675,0.000559317941732152,0.3029940009266207,0.2023836673841029,0.7976163326158972,random-grammar (control)
"MIN(TS_DECAY_LINEAR((TS_COV($dollar_volume, $low, 21) * MIN(($open + $volume), $return)), 3), TS_SUM(COUNT(($close > 0), 63), 252))",0.0001127394998058478,0.0915307769905195,-0.000295921876691002,-0.16189924850770332,-2.6248287175357197,3.6248287175357197,random-grammar (control)
"(RANK(($volume - $dollar_volume)) - (POWER($close, 3) + IF((($dollar_volume + $low) < ($high + $close)), ($volume + $high), $open)))",0.004531204521985681,2.609905331827407,-0.0028359869605481657,-0.9975808151435864,-0.6258792660511756,1.6258792660511756,random-grammar (control)
"TS_CORR(ABS(TS_MIN($return, 5)), $close, 3)",0.0004982361642989984,0.5239778487568467,-0.00044310445076259353,-0.3300568315623872,-0.889346222761703,1.889346222761703,random-grammar (control)
"TS_ARGMIN(MIN(TS_MAX(($return + $close), 63), $open), 252)",0.00980498958671775,4.172292629650518,0.010988740098043574,3.460923615398265,1.1207294001545276,-0.1207294001545276,random-grammar (control)
"(TS_DECAY_LINEAR(($open * $dollar_volume), 3) * IF(($dollar_volume > $close), $low, ($high + $return)))",0.001619282180223996,0.7943780165501296,0.00608259046441076,1.9493718122870316,3.7563499053446963,-2.7563499053446963,random-grammar (control)
"EMA(TS_RANK(($dollar_volume * $dollar_volume), 21), 63)",0.0008548914176349283,0.5425725906395088,-0.0019536963213946127,-1.173014433227548,-2.2853151652867765,3.2853151652867765,random-grammar (control)
"IF((POWER($volume, 0.25) < 0), ($return + $volume), MIN($volume, $open))",0.006242193452300144,2.5585483813297394,0.007208029841066306,2.2298369128186963,1.1547270837000843,-0.15472708370008426,random-grammar (control)
"(MAX($low, ($open * $return)) * (EMA(($volume * $high), 10) - BOUND($close, -3, 3)))",0.0008990905112815361,0.48843170290270144,-0.004840918758520246,-1.6896770576196656,-5.384239626353246,6.384239626353246,random-grammar (control)
"(BOUND(($dollar_volume - $volume), -3, 3) / (CS_ZSCORE(IF((($high * $close) <= ($dollar_volume * $return)), $high, $open)) + 1e-8))",0.0008689689598874447,0.8675022488289438,-0.0010883666619046204,-1.0655024385577885,-1.2524804822091617,2.2524804822091617,random-grammar (control)
"COUNT(((LN(($open + $low)) / (TS_COV($high, ($return * $open), 5) + 1e-8)) < $return), 252)",0.0006135284251719853,0.4260660803208336,-0.004399516967248345,-1.2926825257809675,-7.170844555433703,8.170844555433703,random-grammar (control)
"IF((($volume + $dollar_volume) < 0), IF_ELSE(($open >= ($low - $open)), ($low * $return), $low), ($low - $dollar_volume))",0.005015672541620109,3.0877108358069636,-0.001972569114665073,-0.9612228303980813,-0.3932810801137179,1.3932810801137179,random-grammar (control)
"COUNT(((TS_COVARIANCE(($return * $low), $low, 10) * (BOUND($volume, -3, 3) + TS_COVARIANCE($open, ($close + $open), 5))) > $close), 3)",0.0015043472546934567,1.2731278706728941,0.003739233016422553,1.897700688829871,2.4856182671629914,-1.4856182671629914,random-grammar (control)
"TS_ARGMIN((BOUND($open, -3, 3) / ((POWER($volume, 1.5) / (((TS_COVARIANCE($close, $close, 63) * BOUND($low, -3, 3)) * ABS(($low * $dollar_volume))) + 1e-8)) + 1e-8)), 10)",0.0031263295701536783,2.234900633628703,0.003925553899642914,2.259897345406377,1.2556430189316057,-0.2556430189316057,random-grammar (control)
"(MAX(($volume * $return), MIN(($volume + $high), ($low + $open))) + TS_STD(($dollar_volume * $volume), 10))",0.009273683819169256,5.26960528491897,0.003373781846223285,1.6670498620640126,0.3638016900306087,0.6361983099693913,random-grammar (control)
"LOG(BOUND(TS_MEAN($return, 63), -3, 3))",0.00447730563696561,2.249481602645713,-0.0008697678432803338,-0.3022585448967159,-0.19426144065290993,1.19426144065291,random-grammar (control)
CS_ZSCORE(($low - $volume)),0.008949295018029433,4.4398768168283755,0.004356289364169757,1.841656903242027,0.4867745845224107,0.5132254154775893,random-grammar (control)
"(BOUND($return, -3, 3) + COUNT(($dollar_volume < 0), 5))",0.009213567311392586,3.4296422946914875,0.012525034264353786,3.184057885952767,1.3594120323912506,-0.35941203239125064,random-grammar (control)
"MAX(BOUND(($dollar_volume * $close), -3, 3), TS_COVARIANCE(TS_COV($low, ($close * $high), 3), ($open * $high), 10))",0.0029151473918064452,1.8647225915964734,0.0015954978954936935,0.7694650926996421,0.5473129420413294,0.4526870579586706,random-grammar (control)
"MAX(MAX($low, $dollar_volume), BOUND(TS_STD($low, 5), -3, 3))",0.005010130866098104,3.0846932719498903,-0.0020380729356504522,-0.9917229893180788,-0.40679035939787855,1.4067903593978786,random-grammar (control)
"(COUNT((TS_SUM(($volume * $volume), 21) < 0), 21) - (MIN($low, ($return * $high)) * SQRT($return)))",0.009257929472304314,4.414917548329258,0.0001405937059081631,0.04845025709507655,0.015186301248973447,0.9848136987510265,random-grammar (control)
"EMA($volume, 252)",0.010377417714907893,4.936229193015387,0.0037711146492011055,1.561021629965697,0.36339624681230986,0.6366037531876901,random-grammar (control)
"MAX(($low - $close), MAX(IF_ELSE(($dollar_volume >= 0), ($volume - $open), $volume), ($dollar_volume - $volume)))",0.004630331150185198,2.850366536503326,-0.0020608078088165216,-0.9970403102447913,-0.44506704638913264,1.4450670463891326,random-grammar (control)
"(BOUND($low, -3, 3) - MAX(($open - $return), IF(($return > 0), SQRT(($dollar_volume * $return)), $high)))",0.0067493376631358555,3.129626267230233,0.006197895998607417,1.8310272856508933,0.9182969215571548,0.08170307844284519,random-grammar (control)
"IF_ELSE(($dollar_volume > 0), $dollar_volume, BOUND(TS_COVARIANCE($close, $return, 5), -3, 3))",0.005014237761737155,3.086765079954803,-0.0019746321969168865,-0.9622539138200437,-0.39380505886358014,1.3938050588635802,random-grammar (control)
"(IF_ELSE((($return + $low) < 0), ($volume * $open), $open) / (COUNT(($open < $dollar_volume), 3) + 1e-8))",0.006250139251791213,2.561686829533453,0.00718689444628847,2.224320237577446,1.1498774918060897,-0.14987749180608967,random-grammar (control)
"POWER(TS_COV($return, $dollar_volume, 5), 2)",0.00913927139379566,5.313454088919382,-0.002102826006978526,-1.0303603334334435,-0.2300868325680823,1.2300868325680823,random-grammar (control)
"(TS_COVARIANCE($close, $high, 5) * MIN(($close - $high), $dollar_volume))",0.005427155954832346,3.307386845050741,0.00788006090219277,3.1160764464488637,1.4519687600236277,-0.45196876002362774,random-grammar (control)
"((TS_CORR(($volume - $open), $close, 252) + MIN($low, ($dollar_volume - $high))) * IF(($close < ($low * $close)), $high, $low))",0.006465539222877452,2.5955533731855414,0.006915165280637014,2.168146751605589,1.0695419271711506,-0.0695419271711506,random-grammar (control)
"POWER((BOUND(TS_COVARIANCE(($open + $open), ($dollar_volume - $volume), 63), -3, 3) + (BOUND(($open - $volume), -3, 3) * TS_DELTA(($open * $close), 5))), 3)",0.010061944183900743,4.959917265732336,0.003739032324625084,1.3910783795155504,0.37160137805252286,0.6283986219474771,random-grammar (control)
"BOUND(POWER($return, 0.25), -3, 3)",0.013826350944778363,5.848096335241891,0.00721212577326376,2.1393237063768797,0.521621778737468,0.47837822126253204,random-grammar (control)
"LOG(POWER($open, 3))",0.006242193452300144,2.5585483813297394,0.007208029841066306,2.2298369128186963,1.1547270837000843,-0.15472708370008426,random-grammar (control)
"TS_ARGMIN(($open - $high), 5)",0.0008129415832845083,0.5087874476661522,0.003155500877372784,1.4520323396776553,3.8815837967393545,-2.8815837967393545,random-grammar (control)
"((POWER($volume, 1.5) - MAX(($return * $close), $dollar_volume)) * BOUND(($close + $volume), -3, 3))",0.008967914365209157,4.4319495981318,0.00463840114933327,1.9157612673513262,0.5172218378141359,0.4827781621858641,random-grammar (control)
"MIN($close, TS_MIN($high, 3))",0.0014130534075976434,0.7274551028123691,-0.0036252144861620107,-1.26393486936168,-2.5655183779113493,3.5655183779113493,random-grammar (control)
"(TS_COV($volume, ($open * $volume), 10) / (POWER(TS_COVARIANCE(MIN(($high + $volume), $high), COUNT((TS_SUM($low, 21) < 0), 63), 21), 0.25) + 1e-8))",0.009004457029367908,5.211916651931638,0.0028922076354837424,1.4590978265902417,0.3211973388346292,0.6788026611653708,random-grammar (control)
"(TS_SUM(($low + $close), 10) + MIN(($return + $open), ($close - $high)))",0.0014825790227201267,0.6781349128167508,0.005828951571857388,1.8561113213500857,3.9316296012086136,-2.9316296012086136,random-grammar (control)
"(BOUND(($volume * $low), -3, 3) - (MAX($close, $close) - IF((($high - $high) > 0), ($return + $open), $high)))",0.010381998873009444,6.431333694988854,0.010373173361527802,3.9486444260027995,0.99914992174536,0.0008500782546400076,random-grammar (control)
"SQRT(IF_ELSE((($dollar_volume * $open) <= $low), $high, $return))",0.013820156171717914,5.842788634946551,0.0072071049598637195,2.138092010687355,0.521492295044582,0.47850770495541795,random-grammar (control)
"(IF_ELSE(($dollar_volume < $return), $open, $dollar_volume) * COUNT((($dollar_volume + $close) > 0), 10))",0.0050043226770591755,3.085617216568331,-0.0020202152080314654,-0.9808256051000466,-0.40369403381851043,1.4036940338185104,random-grammar (control)
"(TS_COV(($volume * $dollar_volume), $open, 63) + TS_COV(($dollar_volume + $low), MAX($volume, $low), 5))",0.0016713541904975543,1.1821679068838897,0.0010771414041644,0.5449515102338418,0.6444722550662587,0.3555277449337413,random-grammar (control)
"MAX(TS_COVARIANCE($high, ($close + $close), 3), TS_CORR($high, ($volume * $return), 3))",0.004434797001554884,3.1204788396939835,-0.0011740512851759854,-0.47555371763759613,-0.26473619531273956,1.2647361953127396,random-grammar (control)
"(POWER($dollar_volume, 2) - ABS((COUNT(((TS_CORR(($return * $high), $low, 3) + TS_RANK($low, 10)) >= ($open + $high)), 10) * POWER($low, 0.5))))",0.004984702550010539,3.073882960469357,-0.002123216398355895,-1.0306986935875968,-0.425946458600906,1.425946458600906,random-grammar (control)
"TS_COVARIANCE(($dollar_volume * $volume), MIN($close, ($high + $dollar_volume)), 63)",0.000608314212338054,0.44265311011380415,0.0009236950551182273,0.45792747979873305,1.518450557924675,-0.518450557924675,random-grammar (control)
"(TS_CORR(($close * $low), ($volume * $low), 10) * IF((($dollar_volume + $volume) > ($high - $high)), $high, POWER($return, 2)))",0.004682064805883368,3.8681549352787323,0.00394739201192633,2.144714119907882,0.8430878630654862,0.15691213693451378,random-grammar (control)
"TS_CORR($close, $close, 3)",0.0006280245039096756,0.8135088289321303,0.0002627959420472048,0.2952288525023053,0.4184485484423087,0.5815514515576913,random-grammar (control)
"(SQRT($return) / (TS_COV($open, $return, 21) + 1e-8))",0.0041151078603365865,2.4038948614141726,-0.002414792936681433,-1.0707657204346148,-0.5868115778826561,1.5868115778826561,random-grammar (control)
"ZSCORE(IF_ELSE((($return + $return) <= ($volume - $volume)), ($dollar_volume * $open), ($dollar_volume + $dollar_volume)))",0.0039122989335228795,2.1159324317498296,0.010508700677023426,4.085243508315518,2.6860679246615575,-1.6860679246615575,random-grammar (control)
"TS_MIN(IF(($open < 0), COUNT(($close <= 0), 252), $dollar_volume), 5)",0.005153289957398377,3.123677314357154,-0.0017556181467367424,-0.8701196741478113,-0.3406790926282481,1.3406790926282481,random-grammar (control)
"IF_ELSE((TS_COVARIANCE($low, ($close * $return), 252) < ($open - $volume)), $high, $low)",0.0066589408958792375,2.6542642704737673,0.006906706428684451,2.1605811971455107,1.0372079489335218,-0.03720794893352175,random-grammar (control)
"(MAX($high, $open) * BOUND(IF(($volume >= $volume), $volume, ($close + $dollar_volume)), -3, 3))",0.006064463530917991,2.4994158194645424,0.007114580350038284,2.2072111648903276,1.1731590624243287,-0.17315906242432866,random-grammar (control)
"BOUND(TS_RANK(($high + $low), 10), -3, 3)",0.005526046807354905,2.711834852401932,0.007424624996636165,2.381142542287285,1.3435689662914805,-0.3435689662914805,random-grammar (control)
"MAX(($high - $low), ($return * $volume))",0.008300859632441246,4.187434673002856,0.006802258999614084,2.0458640781235213,0.8194644049912176,0.18053559500878236,random-grammar (control)
"(POWER($close, 3) - POWER($open, 1))",0.004566119702489554,2.6384667973417626,-0.0028281861609480894,-0.995420337320752,-0.6193850238762021,1.6193850238762022,random-grammar (control)
"IF_ELSE((($volume * $high) > $high), ($dollar_volume + $dollar_volume), COUNT((($dollar_volume + $high) <= ($return - $low)), 252))",0.0050156418261281905,3.0876871740136638,-0.0019725847890754134,-0.9612341875314476,-0.39328661364923345,1.3932866136492335,random-grammar (control)
"POWER(TS_COVARIANCE($volume, $return, 21), 2)",0.010626034738818197,4.956392565998129,0.001980959910517359,0.7784730199833569,0.18642513027749397,0.813574869722506,random-grammar (control)
"IF_ELSE((TS_CORR($close, $close, 5) <= $low), POWER(($dollar_volume + $open), 1.5), ($high * $volume))",0.004997841027661538,3.074157524447476,-0.0020345369999155327,-0.9899357618763618,-0.4070831762465004,1.4070831762465004,random-grammar (control)
"DELTA(($high * $dollar_volume), 10)",0.0012755676114361988,0.9890700800989523,0.0016058954701332875,0.8991817229247019,1.2589653858686196,-0.2589653858686196,random-grammar (control)
"ZSCORE(IF_ELSE(($return >= ($low - $open)), ($low + $close), $volume))",0.001559677343036047,0.707867673400974,0.0055805793444210165,1.7776218942576199,3.5780345013911243,-2.5780345013911243,random-grammar (control)
"TS_CORR(($high - $low), ($volume * $low), 252)",0.0038212272882121954,2.231420759440359,-0.0014734424038823303,-0.6530541998176042,-0.3855940232677698,1.3855940232677697,random-grammar (control)
"(DELAY($open, 10) + POWER($high, 2))",0.006135492411693278,2.5277035791870577,0.007048219233336353,2.1848349018556186,1.1487617880357186,-0.1487617880357186,random-grammar (control)
"(IF((($low - $high) > 0), $open, ($open + $low)) - (TS_COVARIANCE($close, $return, 5) / (TS_CORR(($volume * $dollar_volume), $low, 10) + 1e-8)))",0.006251330057400886,2.5551550862812134,0.007081884855680892,2.1895240193739354,1.1328604937915123,-0.13286049379151232,random-grammar (control)
"MAX(($volume * $high), $volume)",0.00503503176291452,3.092038010216159,-0.00208367040001149,-1.0186685882484197,-0.41383460882188366,1.4138346088218836,random-grammar (control)
"IF_ELSE((TS_CORR(($high * $open), $high, 3) > 0), $open, POWER($close, 1.5))",0.006095423820154142,2.623152433645441,0.007464925088108093,2.3996014693419196,1.2246769557558541,-0.2246769557558541,random-grammar (control)
"IF((IF_ELSE(($volume > $volume), ($open + $dollar_volume), ($volume * $open)) >= 0), $low, (DELTA(($return * $return), 3) - MAX(($close - $close), $volume)))",0.006290017827848619,2.560704516057315,0.007084882763609357,2.1876351598234898,1.1263692659568514,-0.12636926595685138,random-grammar (control)
"(BOUND(($close - $high), -3, 3) - IF_ELSE((($low - $close) >= 0), ($return * $low), ($high - $dollar_volume)))",0.010860474814114045,8.104739262422324,0.0009224816729008541,0.5328955423286386,0.08493935013798994,0.9150606498620101,random-grammar (control)
"IF((BOUND($dollar_volume, -3, 3) > 0), TS_COVARIANCE(($close - $open), $dollar_volume, 252), CS_RANK($close))",0.008090964469914455,6.384330184724213,0.0038737589893540914,2.4137657916927764,0.47877592390355017,0.5212240760964498,random-grammar (control)
"(MIN($dollar_volume, TS_STD($dollar_volume, 5)) - POWER($close, 3))",0.005869980701362249,4.116269590621008,0.00020812515358531697,0.118955591811879,0.03545584971634017,0.9645441502836598,random-grammar (control)
"MAX(POWER(TS_DELTA($return, 5), 2), $volume)",0.008933271862663572,4.430772707595045,0.004257249803008577,1.8003637581063439,0.4765610930080014,0.5234389069919986,random-grammar (control)
"(ZSCORE($close) * (MAX($return, ($open * $close)) / (TS_STD($dollar_volume, 10) + 1e-8)))",0.009992917851900665,8.548244595312672,-0.0006234954020903388,-0.3820652082148715,-0.06239372837151356,1.0623937283715135,random-grammar (control)
"(COUNT(($return >= 0), 5) * MAX($low, ($high - $close)))",0.0006642658454359255,0.27775621035363784,0.0038284777054678016,1.1721657137623567,5.763472157680118,-4.763472157680118,random-grammar (control)
"TS_CORR($dollar_volume, IF_ELSE(($dollar_volume >= 0), $volume, $dollar_volume), 252)",0.0024078840270914735,0.7248413037381316,-0.006923826996551543,-1.9839189541655429,-2.875481924648571,3.875481924648571,random-grammar (control)
"MAX(($high - $close), $return)",0.010105627658063821,6.333235889357301,0.010313114034299003,3.9232227632164927,1.020531765394069,-0.02053176539406909,random-grammar (control)
"(TS_COV($open, ($return + $dollar_volume), 3) - MAX(($high - $volume), ($volume - $volume)))",0.005990392820457908,4.930590242167574,0.0036638261862588875,2.0293865860852445,0.6116170167917007,0.38838298320829934,random-grammar (control)
"SQRT(POWER(($open * $high), 0.5))",0.006146134826788676,2.5258708202956135,0.007162415558271734,2.2185708648832096,1.1653528209393447,-0.16535282093934467,random-grammar (control)
"(ZSCORE(($close * $low)) - IF((($return * $high) < 0), ($low - $close), IF((($return - $low) > 0), ($return + $close), ($dollar_volume * $high))))",0.0045802139382426395,2.4144421828827967,0.008084392816052185,2.8899099619858695,1.765068821032855,-0.7650688210328549,random-grammar (control)
"POWER(IF(($dollar_volume > $close), $dollar_volume, $return), 1)",0.005014237761737155,3.086765079954803,-0.0019746321969168865,-0.9622539138200437,-0.39380505886358014,1.3938050588635802,random-grammar (control)
"((EMA($volume, 5) * TS_PRODUCT($close, 252)) / (TS_COV($volume, TS_DELTA($dollar_volume, 252), 3) + 1e-8))",0.0012775641881791595,1.0950286218478258,0.0003876705106886265,0.320988911321235,0.30344503569809006,0.69655496430191,random-grammar (control)
"TS_PRODUCT(BOUND(TS_COV($close, MIN($volume, $high), 21), -3, 3), 10)",0.006677357380040451,3.4610505617746505,-0.004533848983280768,-1.9991321637851402,-0.678988516749616,1.678988516749616,random-grammar (control)
"((BOUND($return, -3, 3) * ABS(($low + $open))) + COUNT((($close * $return) > 0), 63))",0.0002758954763655898,0.11339058236905107,0.0032213542051884527,1.0094716926076848,11.67599500950073,-10.67599500950073,random-grammar (control)
"(TS_PRODUCT($low, 252) + TS_MAX($return, 5))",0.005443426296099332,2.53048980526805,0.0020681039635962782,1.1754672633369005,0.3799268789729452,0.6200731210270548,random-grammar (control)
"((IF_ELSE((($high - $volume) >= ($volume + $dollar_volume)), $open, $close) - IF_ELSE(($low < 0), ($volume - $return), $volume)) - (POWER(MAX($high, BOUND(($open * $high), -3, 3)), 2) - POWER($dollar_volume, 2)))",0.004996133279892281,3.0761874039520674,-0.0019725847890754134,-0.9612341875314476,-0.39482229127361135,1.3948222912736115,random-grammar (control)
"(IF_ELSE((($high * $high) > 0), $dollar_volume, $dollar_volume) - TS_COV(($return - $open), $high, 21))",0.005005054974479443,3.091676820492616,-0.0021603550276357865,-1.0497304108506766,-0.43163462512426787,1.4316346251242678,random-grammar (control)
"(POWER($open, 0.5) + IF(($low < 0), $volume, $close))",0.003682573308905905,2.007385796847611,-0.0032817261017394177,-1.1292857720183491,-0.8911502437175978,1.8911502437175978,random-grammar (control)
"MIN(TS_COVARIANCE($close, $return, 252), ($close - $volume))",0.008999330099526316,4.500354827365874,0.0037494349327562215,1.6240384733434856,0.4166348929631523,0.5833651070368477,random-grammar (control)
"(TS_CORR($volume, $close, 21) - MAX(($low - $return), ($dollar_volume + $open)))",0.0049732258936255195,3.0679679446391455,-0.0021325966779655713,-1.0357509292949592,-0.4288155663106009,1.4288155663106008,random-grammar (control)
"(MIN($high, $close) / (COUNT(($high < 0), 10) + 1e-8))",0.001612056876953437,0.833375955709324,-0.0034035612259265594,-1.1870071684818315,-2.1113158441151385,3.1113158441151385,random-grammar (control)
"POWER(($volume * $close), 0.25)",0.01017472295351049,6.71448934887122,0.0013522636100392089,0.700159210080398,0.1329042192320971,0.867095780767903,random-grammar (control)
"(IF_ELSE(($low >= 0), ($dollar_volume + $high), TS_COV($volume, IF_ELSE(($return >= $close), $high, $open), 3)) - COUNT(($dollar_volume <= 0), 10))",0.005005740341783271,3.0865548062995276,-0.002020244337684001,-0.9808393676086843,-0.40358552376775875,1.4035855237677588,random-grammar (control)
"POWER(TS_COV(($return * $close), $close, 21), 2)",0.010169828688347976,5.930873059653279,-0.0021841484746969774,-0.9210092055075542,-0.2147674795347785,1.2147674795347785,random-grammar (control)
$volume,0.008947553988322518,4.438725858199568,0.004353129895948027,1.8404011900462538,0.4865161922050777,0.5134838077949223,random-grammar (control)
"(TS_CORR($dollar_volume, $high, 5) - MAX(($low - $volume), $high))",0.006199909508206405,2.554629535203057,0.007099920738406818,2.2032660670768016,1.1451652203970282,-0.14516522039702817,random-grammar (control)
"BOUND(MIN(($close - $high), $return), -3, 3)",0.0101002083111089,6.421440391956581,0.009951052748937454,3.7721213724143707,0.9852324271364389,0.014767572863561118,random-grammar (control)
"(BOUND(POWER(($high * $high), 2), -3, 3) + LOG($open))",0.006242167666974943,2.5585349342677364,0.007208029841066306,2.2298369128186963,1.154731853679835,-0.154731853679835,random-grammar (control)
"TS_DECAY_LINEAR($volume, 252)",0.010415433841669479,4.954293960322722,0.0038535700155158344,1.5891084986181376,0.3699865098368432,0.6300134901631568,random-grammar (control)
"(IF((($return - $open) >= $return), $open, ($dollar_volume + $close)) + COUNT(($low > ($dollar_volume - $open)), 3))",0.004959442366672245,3.053915889408316,-0.0020438398777732217,-0.9957073516660839,-0.41211082348853373,1.4121108234885338,random-grammar (control)
"(COUNT(($dollar_volume >= $open), 252) + CS_RANK($close))",0.004012252491987186,2.263579413224363,-0.002537614868102377,-0.9041521097055784,-0.6324663946673875,1.6324663946673876,random-grammar (control)
"POWER((COUNT(($high <= $low), 5) + (IF(($dollar_volume >= 0), ($close - $high), ($high - $dollar_volume)) * IF(($dollar_volume >= $open), ($dollar_volume - $open), ($open + $high)))), 1)",0.008082467257518785,5.344046887445045,0.009290849343601365,3.791854461425228,1.1495065859943288,-0.14950658599432876,random-grammar (control)
"MIN(MIN($low, $volume), (MAX($low, TS_CORR(($open - $dollar_volume), $close, 5)) * POWER(TS_ARGMIN($high, 63), 0.5)))",0.0033741664428724007,1.3882976514805494,0.006242890883238249,1.9175507018125142,1.850202409672395,-0.850202409672395,random-grammar (control)
"(IF(($volume >= 0), ($close - $return), $high) / (POWER(BOUND(($volume * $close), -3, 3), 0.5) + 1e-8))",0.004525139422754635,2.609555558587762,-0.0028101546079645247,-0.9893897975217766,-0.6210095083112092,1.621009508311209,random-grammar (control)
"(POWER(($dollar_volume - $close), 1.5) - BOUND($high, -3, 3))",0.005015652369987764,3.087695422958926,-0.0019725744583859255,-0.9612255315179489,-0.3932837271955388,1.3932837271955387,random-grammar (control)
"ABS(COUNT(((TS_CORR(($open * $open), $low, 10) + TS_DELTA($dollar_volume, 252)) <= 0), 5))",0.003217515263242641,1.7301645156176761,0.0032801794038595294,1.611854355176086,1.0194759419893893,-0.01947594198938929,random-grammar (control)
"IF(($open < ($return - $dollar_volume)), $high, $return)",0.009157490372954229,3.409364670772429,0.012525536266120182,3.184311405227579,1.3677913659743672,-0.36779136597436723,random-grammar (control)
"(POWER(($dollar_volume * $open), 1) + TS_COVARIANCE($high, $low, 21))",0.0003884362844046705,0.21112651494147777,-0.0052426331705033215,-1.841291101248047,-13.496764800276946,14.496764800276946,random-grammar (control)
"(CS_DEMEAN(($volume * $low)) + COUNT(($low > $close), 63))",0.004827069601010158,2.9957004064610073,-0.0023886415938250906,-1.1659448873952467,-0.4948429981878076,1.4948429981878075,random-grammar (control)
"(MAX(($high + $close), $high) + POWER((POWER($low, 0.5) + ABS(($low + $open))), 1))",0.003595417357706878,1.5299712999750268,0.006443996206583995,2.016583270944042,1.7922804407591537,-0.7922804407591537,random-grammar (control)
"(TS_DELTA(($volume + $volume), 252) - ABS(POWER(BOUND(($return * $high), -3, 3), 3)))",0.0016018037987727345,1.0308524405379098,-0.001357649975127766,-0.6881265337637509,-0.8475756994508106,1.8475756994508106,random-grammar (control)
"ABS(MIN(($volume - $open), $low))",0.006290017827848619,2.560704516057315,0.0070814137816741785,2.1865479601511555,1.1258177600581207,-0.12581776005812073,random-grammar (control)
"(EMA(TS_DELTA($low, 21), 3) + BOUND($close, -3, 3))",0.0011265379661934299,0.4917681607136312,0.00022764072800526844,0.07501379269072445,0.2020710662548428,0.7979289337451572,random-grammar (control)
"IF((TS_COVARIANCE($volume, $volume, 3) < $low), (MIN(($return + $open), $open) - BOUND($return, -3, 3)), COUNT((LN(($open * $volume)) > $low), 63))",0.007382705737024962,3.1426286231537586,0.0029532767899337065,1.3860756171905917,0.4000263446940254,0.5999736553059746,random-grammar (control)
(RANK($low) + RANK($dollar_volume)),0.0008254075820316081,0.42538041092303785,0.00539593159969535,1.914554730511822,6.5372934743513404,-5.5372934743513404,random-grammar (control)
"TS_COV(DELTA(POWER(TS_DECAY_LINEAR($high, 63), 1.5), 10), (SQRT($low) + TS_COV(($return - $dollar_volume), $low, 63)), 21)",0.00020884080082120868,0.18504908726037717,0.0003587780047829123,0.24089281860909564,1.7179497654295381,-0.7179497654295381,random-grammar (control)
"IF((($close * $return) <= $dollar_volume), ($dollar_volume * $close), $low)",0.005517683613349807,3.371563939445713,-0.0026937862537654215,-1.0002125968438265,-0.48820962609162966,1.4882096260916295,random-grammar (control)
"(TS_SUM($low, 3) - ABS(SIGN(TS_COVARIANCE(($dollar_volume * $open), $open, 63))))",0.006751263317859336,2.739579566836779,0.007101588747015374,2.1984178225921314,1.0518903518737466,-0.051890351873746576,random-grammar (control)
"(LOG(POWER($return, 0.5)) / (TS_CORR($return, ($open * $close), 63) + 1e-8))",0.004902283849859106,3.2282184416672255,-0.0006788136599324482,-0.3472451039101715,-0.1384688607845418,1.138468860784542,random-grammar (control)
"ABS((MAX($open, $close) + COUNT((($low * $close) <= ($high + $low)), 3)))",0.003247984951433339,1.446337625586639,0.006474856550261418,2.0242776137171274,1.9934995534397588,-0.9934995534397588,random-grammar (control)
"(TS_CORR($open, IF(($dollar_volume >= 0), IF_ELSE((($high + $volume) > ($high + $open)), ($volume + $return), ($dollar_volume * $open)), IF(($volume > $close), ($return - $close), $volume)), 3) * IF(($low > 0), ($close * $return), $volume))",0.0007460827642695118,0.6656830032616475,-0.0013648892935468164,-0.8723640852869049,-1.8294073511846596,2.82940735118466,random-grammar (control)
"(TS_MEAN($volume, 3) / (TS_CORR(TS_COVARIANCE(($volume + $dollar_volume), ($volume + $close), 63), ($open * $close), 5) + 1e-8))",0.0008200331931656998,0.9231612240254757,-0.0017367703785272457,-1.4260963289297035,-2.1179269241803795,3.1179269241803795,random-grammar (control)
"((TS_MAX($low, 3) - COUNT(($low >= 0), 10)) + MIN(($low * $dollar_volume), $high))",0.006243636067562323,2.5651711308684466,0.007068123829158186,2.187880565705869,1.1320525015670497,-0.13205250156704973,random-grammar (control)
"MAX(TS_COV($dollar_volume, $volume, 10), $close)",0.009256069108470886,5.319614751350737,0.0034836653630555756,1.743301106760075,0.37636553079183754,0.6236344692081625,random-grammar (control)
"(DELTA($return, 63) / (IF_ELSE((BOUND(($return - $high), -3, 3) >= 0), $low, $close) + 1e-8))",0.0064521817600683195,3.0181216195196097,0.007613606759148047,2.243314893964627,1.1800050033102958,-0.18000500331029579,random-grammar (control)
"TS_DECAY_LINEAR((TS_MIN($dollar_volume, 3) * (IF_ELSE(($dollar_volume < ($close - $return)), $high, $high) / (BOUND($open, -3, 3) + 1e-8))), 63)",0.0005160868357721878,0.28340459617568337,-0.005629537839472831,-2.0092556277104383,-10.908121364982529,11.908121364982529,random-grammar (control)
"BOUND(($return * $open), -3, 3)",0.010467089214652437,4.214907113493318,0.011585897081344958,3.353940607757138,1.106888156176824,-0.10688815617682401,random-grammar (control)
"(POWER(IF(($open > 0), $dollar_volume, ($close * $close)), 0.5) * IF(($low > 0), $close, ($close * $open)))",0.00564088357674606,3.4189062965497015,-0.00282107852114207,-0.9884704386955473,-0.5001128781972499,1.50011287819725,random-grammar (control)
"(TS_COVARIANCE(($open - $volume), ($high - $open), 21) - MIN(($dollar_volume - $dollar_volume), ($open + $close)))",0.0075790190247583215,5.127890627708029,0.0030713490378829604,1.6868636281159632,0.40524361105966467,0.5947563889403353,random-grammar (control)
"POWER(($high + $high), 0.25)",0.006068102181908102,2.501281021387614,0.007114568453453639,2.2072072209222644,1.172453633800952,-0.1724536338009519,random-grammar (control)
"COUNT(($return >= 0), 21)",0.0008991729032569472,0.46875186154502896,0.0029559462084043178,1.0580152814389607,3.287405790029271,-2.287405790029271,random-grammar (control)
"TS_MIN((CS_RANK($close) + CS_ZSCORE($low)), 21)",0.0044054390839619205,1.8666959680899429,0.006146287989263243,1.9527199146188796,1.3951590005270789,-0.39515900052707886,random-grammar (control)
$dollar_volume,0.005014237761737155,3.086765079954803,-0.0019746321969168865,-0.9622539138200437,-0.39380505886358014,1.3938050588635802,random-grammar (control)
"(ZSCORE($close) * MIN($open, ($close - $return)))",0.006872018021723034,6.045264450722452,-0.0021801981415810515,-1.188373556153821,-0.31725733761018376,1.3172573376101837,random-grammar (control)
"(((TS_COVARIANCE(($open - $open), ($high * $high), 63) - COUNT((TS_COVARIANCE(($return - $return), $return, 3) < ($open + $close)), 5)) + MIN(($dollar_volume - $close), ($volume + $close))) + (MIN($open, ($high - $close)) * COUNT(($open < 0), 3)))",0.008937731739882196,4.469804886490456,0.003979877744687564,1.6930824740276385,0.4452894605158535,0.5547105394841465,random-grammar (control)
"IF_ELSE(($volume > 0), CS_RANK($open), $low)",0.006242193452300144,2.5585483813297394,0.007208029841066306,2.2298369128186963,1.1547270837000843,-0.15472708370008426,random-grammar (control)
"MAX(LOG(POWER(($close + $low), 1.5)), TS_ARGMAX(($return * $return), 10))",0.002055819086826747,1.3060501863099567,0.005502110257059227,1.9791269585719964,2.676359166191025,-1.676359166191025,random-grammar (control)
"COUNT((MAX($low, BOUND($low, -3, 3)) < $open), 5)",0.0013396883992576123,1.3125224473320403,0.0005929027338579199,0.4173282729139575,0.4425676404949664,0.5574323595050337,random-grammar (control)
"CS_RANK((COUNT(($open <= 0), 3) - BOUND($return, -3, 3)))",0.00919106786301836,3.421041805373106,0.01255385992218741,3.1916463510933473,1.3658760994138393,-0.36587609941383925,random-grammar (control)
"(MIN($low, ($close * $open)) + TS_COVARIANCE(($high + $dollar_volume), $return, 10))",0.0012718430761999146,0.8111028427429383,0.00643419732669253,3.1947653168008094,5.058955343702458,-4.058955343702458,random-grammar (control)
CS_RANK(($close - $dollar_volume)),0.005014248305596728,3.086773328330494,-0.0019746218662273986,-0.9622452495627428,-0.39380217051145927,1.3938021705114592,random-grammar (control)
"MIN(BOUND(($high * $return), -3, 3), COUNT(($return >= 0), 63))",0.010776004373182067,4.324085227410952,0.011677964071906851,3.366677979752703,1.083700754703614,-0.08370075470361393,random-grammar (control)
"TS_DECAY_LINEAR(((IF_ELSE((($high + $open) >= $open), ($low - $close), $high) - TS_RANK($dollar_volume, 252)) - LN($dollar_volume)), 21)",0.013532593672272102,9.807834202653058,-3.582956032789165e-05,-0.019364564481101024,-0.0026476491643509107,1.002647649164351,random-grammar (control)
"MIN(($volume - $volume), ($close - $high))",0.010389144296568198,6.424228985480877,0.010373395687650647,3.948411840523574,0.9984841283874791,0.0015158716125208693,random-grammar (control)
"TS_COVARIANCE($dollar_volume, CS_RANK(($high * $return)), 5)",0.0025822290071576028,1.8415335196775113,0.007049795563018913,4.019083384056099,2.7301201959538823,-1.7301201959538823,random-grammar (control)
"(TS_CORR($high, $close, 3) - TS_CORR(TS_CORR(($high + $close), $volume, 3), POWER($high, 1.5), 5))",0.0005305994752079654,0.47316526088740857,0.0015916471854819129,0.9958847001115907,2.9997149636419747,-1.9997149636419747,random-grammar (control)
"MAX($dollar_volume, COUNT(($close >= 0), 63))",0.004999480471428089,3.090483048847618,-0.0023273278037260724,-1.1339789683910981,-0.46551393030269744,1.4655139303026974,random-grammar (control)
"POWER((TS_CORR($open, ($return - $high), 63) * (IF_ELSE(($return >= 0), $close, ($volume - $volume)) * COUNT(($low >= $return), 252))), 2)",0.009039500946877785,4.446478442048992,0.00934276178105043,3.255489891088053,1.0335484044921075,-0.0335484044921075,random-grammar (control)
"(POWER($high, 2) - BOUND((MAX(($close * $volume), $open) - POWER(($open * $low), 1)), -3, 3))",0.006064463530917991,2.4994158194645424,0.007114568453453639,2.2072072209222644,1.1731571007364425,-0.17315710073644253,random-grammar (control)
"IF_ELSE((BOUND($close, -3, 3) > ($high + $open)), ($open - $high), ($close - $low))",0.013833052687396954,9.628092082605615,0.0025868941641847302,1.204338222243444,0.18700819136918367,0.8129918086308163,random-grammar (control)
"(MIN($return, $high) + MIN($open, $close))",0.001488249635470329,0.7646339106199205,-0.003550395250372001,-1.2356320917395465,-2.385618088359199,3.385618088359199,random-grammar (control)
"((TS_SUM(($open - $close), 10) * IF(($high <= 0), ($volume + $dollar_volume), $dollar_volume)) / (IF_ELSE((($dollar_volume - $dollar_volume) > 0), $low, ($open + $low)) + 1e-8))",0.01123963980408147,8.272766434845188,0.009091471685088228,3.5073911868584853,0.808875715197459,0.19112428480254096,random-grammar (control)
"MAX($low, TS_CORR(($high * $close), $open, 5))",0.006269804261242293,2.5523235649580376,0.007031952985940421,2.1715417484471065,1.1215586153796635,-0.1215586153796635,random-grammar (control)
"POWER((COUNT((($low - $close) < 0), 252) + POWER($low, 0.25)), 1)",0.010412332331837531,8.374852506070434,-0.0006130162912179473,-0.42153803660334016,-0.058874061226757285,1.0588740612267573,random-grammar (control)
"TS_COVARIANCE(COUNT(($close < ($close * $open)), 10), POWER($volume, 0.25), 10)",0.0014215536933927706,1.8705239659330992,0.0009349788289888893,1.0544784056822811,0.6577161547499548,0.3422838452500452,random-grammar (control)
"(COUNT((MAX(($dollar_volume - $high), ($volume + $open)) >= 0), 3) + COUNT((TS_ARGMAX($close, 10) <= 0), 10))",0.004294105577398741,2.117715025259309,0.0038909464597101455,1.268413086792142,0.9061133662361374,0.09388663376386264,random-grammar (control)
"TS_ARGMAX($low, 3)",0.0056895548247151324,3.3897243546427327,0.007381945371249492,2.3391954521824636,1.2974557058810123,-0.29745570588101233,random-grammar (control)
"TS_CORR(BOUND(($return * $close), -3, 3), IF_ELSE((($volume * $low) <= 0), ($close - $dollar_volume), ($return * $high)), 252)",0.0074195473859682975,3.2751531156956095,-0.0024545487440286572,-1.0512835686441744,-0.3308218973937213,1.3308218973937214,random-grammar (control)
"TS_COV(TS_MIN(($dollar_volume - $high), 3), $dollar_volume, 63)",0.006359601111962428,3.8108568044210234,-0.002819969710262135,-1.34830489725658,-0.44341927435633716,1.4434192743563372,random-grammar (control)
"MIN((TS_CORR(($volume + $dollar_volume), $low, 3) * CS_ZSCORE(($return + $volume))), $close)",0.006382240474472599,6.515612637162686,0.0005869988602419232,0.47441691186709806,0.09197379236802108,0.9080262076319789,random-grammar (control)
"(COUNT((($close - $close) <= 0), 63) - TS_MEAN($high, 10))",0.006830713953448916,2.8160247249242705,0.007228105608425288,2.2554862719759794,1.0581771770395574,-0.05817717703955738,random-grammar (control)
"BOUND(TS_CORR(($close + $open), IF((SIGN($open) <= ($dollar_volume + $low)), $close, ($low - $return)), 10), -3, 3)",0.00840039205188466,5.473605766979233,0.004183342787423755,1.7160697977483714,0.4979937557182473,0.5020062442817528,random-grammar (control)
($dollar_volume - $open),0.004996183406572535,3.076223291498645,-0.001972569114665073,-0.9612228303980813,-0.39481519274695487,1.3948151927469548,random-grammar (control)
"(TS_COVARIANCE(($dollar_volume * $return), $dollar_volume, 5) / ((SIGN(($dollar_volume - $close)) * IF_ELSE(($close <= 0), $open, ($close * $dollar_volume))) + 1e-8))",0.00026869464283789184,0.17259893090396186,-0.0076346284104117455,-3.718798579914775,-28.413772339398108,29.413772339398108,random-grammar (control)
"IF_ELSE((($open * $low) <= 0), IF_ELSE(($high < $open), $dollar_volume, $volume), $close)",0.004547934567228428,2.623936806513063,-0.00283305088087016,-0.9968470689972139,-0.6229313194795277,1.6229313194795276,random-grammar (control)
"IF((($volume - $dollar_volume) > 0), TS_SUM(IF((($volume + $high) < ($high - $high)), $dollar_volume, ($low + $dollar_volume)), 63), $low)",0.006328244009177797,2.580198060571143,0.007084882763609357,2.1876351598234898,1.119565357046001,-0.11956535704600091,random-grammar (control)
"(DELTA(IF_ELSE(($return > 0), $low, $return), 3) * BOUND($open, -3, 3))",0.004878514346035275,2.607409698929449,0.00855339135110801,2.625715228959091,1.7532778924918555,-0.7532778924918555,random-grammar (control)
"TS_SUM(POWER($volume, 1), 3)",0.009685169150173499,4.794896410920252,0.0045936287229383956,1.9441896547550452,0.47429514670439243,0.5257048532956076,random-grammar (control)
"(MIN(($close - $volume), ($open - $low)) + COUNT((TS_MAX($close, 5) > 0), 3))",0.00891960187865813,4.424931572289893,0.0042569968715970696,1.8006271687317152,0.4772631031641397,0.5227368968358603,random-grammar (control)
"TS_COVARIANCE(MAX(($open * $open), ($close - $dollar_volume)), $high, 21)",0.0006367703659306098,0.32811472288264515,0.006234634841153472,2.297431048654807,9.791025422550636,-8.791025422550636,random-grammar (control)
"POWER(MAX((POWER(($low + $high), 0.5) / (COUNT(($close > 0), 3) + 1e-8)), ($return - $volume)), 2)",0.006176494958856993,2.5306108297350587,0.0070779987210809504,2.191844049121791,1.1459571760730114,-0.1459571760730114,random-grammar (control)
"MIN($volume, ($return + $dollar_volume))",0.008919515128181713,4.42510222847638,0.004310601840573757,1.8223598979391507,0.48327759733869013,0.5167224026613099,random-grammar (control)
"(COUNT(((BOUND(($return - $volume), -3, 3) * TS_COVARIANCE(($close + $return), ($open - $dollar_volume), 3)) > $dollar_volume), 63) + MAX($close, $low))",0.0021751943664984914,1.0108896883328962,0.006131615749371773,1.9497581954741052,2.8188817715826064,-1.8188817715826064,random-grammar (control)
"(ZSCORE($volume) * MIN($close, IF((($volume * $low) >= 0), ($high * $dollar_volume), ($low * $high))))",0.00555444428630035,2.790728731063257,0.004673634592014606,1.8793888962423027,0.8414225350215142,0.1585774649784858,random-grammar (control)
"DELTA((COUNT((($open - $volume) > $open), 5) + TS_COVARIANCE($dollar_volume, $open, 3)), 252)",0.0034042950793588636,2.951984685540101,0.00018322207004037037,0.09997356011974738,0.053820854470370084,0.9461791455296299,random-grammar (control)
"POWER(POWER(POWER($volume, 1.5), 1.5), 0.25)",0.008947553988322518,4.438725858199568,0.004353129895948027,1.8404011900462538,0.4865161922050777,0.5134838077949223,random-grammar (control)
"MAX(($high + $open), ($open + $high))",0.0061436670239114095,2.5250858587454825,0.007161697024627876,2.218388809206843,1.1657039674764682,-0.1657039674764682,random-grammar (control)
"BOUND(TS_CORR(($low - $open), ($dollar_volume * $low), 252), -3, 3)",0.0001106463547366252,0.07486262876931414,0.0026568309300463696,1.1455497079570647,24.011915587915237,-23.011915587915237,random-grammar (control)
"(TS_COVARIANCE($volume, ($open * $dollar_volume), 5) / (IF((($low * $close) > 0), ($low + $volume), $low) + 1e-8))",0.002341362254854063,1.5656557646137472,-0.003677094435487978,-1.4309309929384129,-1.570493599555004,2.570493599555004,random-grammar (control)
"(IF((($dollar_volume + $open) < 0), ($volume - $return), ($volume + $open)) / (TS_COV(($high * $return), POWER($low, 2), 252) + 1e-8))",0.0010198175211382553,0.6993396053256519,0.006350824686575921,2.9144836182160203,6.2274128017407815,-5.2274128017407815,random-grammar (control)
"POWER(MIN($open, $low), 0.5)",0.006290035699681095,2.5607121641259156,0.007084882763609357,2.1876351598234898,1.1263660656120855,-0.12636606561208552,random-grammar (control)
"ZSCORE(MIN($high, $close))",0.0016442447089106023,0.8511541028143506,-0.00350770121590792,-1.2232519509349404,-2.1333206650438026,3.1333206650438026,random-grammar (control)
"POWER(TS_DECAY_LINEAR($high, 252), 2)",0.0063820880473323014,2.84681669042159,0.006677645292981986,2.1917917116770935,1.0463104306079305,-0.0463104306079305,random-grammar (control)
CS_DEMEAN($volume),0.008947553988322518,4.438725858199568,0.004353129895948027,1.8404011900462538,0.4865161922050777,0.5134838077949223,random-grammar (control)
ABS(($dollar_volume - $high)),0.005015663275546709,3.0877056252765485,-0.001972569713893607,-0.9612223501073921,-0.3932819261433766,1.3932819261433766,random-grammar (control)
"(BOUND($close, -3, 3) * IF_ELSE(($return >= ($high * $dollar_volume)), ($high - $high), $close))",0.00453487068630439,2.615272600923781,-0.0028079105090680436,-0.9885842676151433,-0.619182045818444,1.619182045818444,random-grammar (control)
"IF_ELSE((($low - $volume) > 0), BOUND($low, -3, 3), TS_RANK(($low - $dollar_volume), 252))",0.003996796134757753,2.3560722911490535,0.001058966918274126,0.5434211804864264,0.2649539487553348,0.7350460512446653,random-grammar (control)
"MAX(MIN(($close - $return), CS_RANK(($high - $low))), ($return * $high))",0.003606576090380062,1.9103209946911395,-0.003943452762888062,-1.4081095097639431,-1.0934062290843,2.0934062290843,random-grammar (control)
"MAX(($return * $dollar_volume), IF((($low * $volume) > $dollar_volume), $high, $high))",0.006751819665044108,3.131866692033411,0.0066819887052116216,1.9428872440763094,0.9896574607592055,0.010342539240794535,random-grammar (control)
(RANK(($return - $volume)) * CS_RANK(($low + $high))),0.00931256262311251,3.7885904732688966,0.006381942315443401,2.2154021656647065,0.6853046335070319,0.31469536649296814,random-grammar (control)
"(BOUND($low, -3, 3) * MIN($return, $high))",0.00918911477145118,3.418101953462882,0.012526266212105291,3.1844215113072765,1.363163538997467,-0.363163538997467,random-grammar (control)
"(COUNT((IF(($return > 0), $high, $high) > ($open * $low)), 63) + DELTA(TS_COVARIANCE(($dollar_volume - $volume), $open, 5), 21))",0.0025821575156803125,2.279197257617802,0.0006584094572684797,0.42683515305214853,0.2549842344125977,0.7450157655874023,random-grammar (control)
"COUNT((TS_MIN((IF_ELSE(($return < $high), $close, ($close * $dollar_volume)) * ZSCORE($high)), 63) <= ($high + $low)), 10)",0.00018822884246826206,0.23627239476416925,-0.001854901784550451,-2.118833971663164,-9.85450348749402,10.85450348749402,random-grammar (control)
"(BOUND(COUNT(($return >= ($close + $open)), 3), -3, 3) + ABS($dollar_volume))",0.0049759101759266925,3.0628414361183975,-0.0020312279105165693,-0.9882803166788785,-0.4082123347691424,1.4082123347691424,random-grammar (control)
"POWER($close, 1.5)",0.0045449082550338095,2.6215792450696718,-0.002831028767781884,-0.9961258570232657,-0.6229011916019026,1.6229011916019025,random-grammar (control)
"IF_ELSE((COUNT((($open - $close) <= ($dollar_volume * $open)), 5) >= 0), ($dollar_volume - $high), COUNT((($close - $volume) <= 0), 63))",0.0049919874153334055,3.0728838779972514,-0.002038057945406776,-0.9917110320956126,-0.40826584200646626,1.4082658420064662,random-grammar (control)
"TS_DELTA(TS_MAX(($high - $return), 3), 10)",0.004569020572953603,2.0968877097633283,0.003947838379172025,1.2713106784847512,0.8640447807438913,0.13595521925610865,random-grammar (control)
"BOUND(BOUND(MIN($low, $return), -3, 3), -3, 3)",0.009160324877651333,3.409896255697797,0.012525536266120182,3.184311405227579,1.367368126503792,-0.367368126503792,random-grammar (control)
"TS_COVARIANCE(SIGN($return), $high, 3)",0.0019118560226565634,1.5093749644409262,-0.0010144867366148975,-0.547398501553741,-0.5306292548145165,1.5306292548145164,random-grammar (control)
"TS_CORR(POWER(MIN(($volume * $close), ($return * $low)), 3), $volume, 10)",0.0010083373402270724,0.7019823701937413,-0.006230493797073533,-3.1019293016958294,-6.17897755890946,7.17897755890946,random-grammar (control)
"(RANK(($dollar_volume - $high)) + MIN(($return * $return), $open))",0.0049969167551805384,3.0751385157680966,-0.0020052714030663814,-0.9759853982123095,-0.4013017429172544,1.4013017429172545,random-grammar (control)
"MIN($open, TS_CORR(($dollar_volume * $close), $volume, 21))",0.00976176553187582,3.4010559366484396,-0.0011249160010082615,-0.34669968656681494,-0.11523694124131434,1.1152369412413143,random-grammar (control)
"IF((($volume + $open) <= ($dollar_volume * $low)), $high, POWER($close, 3))",0.006079164809726465,2.5071390760992656,0.007114568453453639,2.2072072209222644,1.1703200482524445,-0.1703200482524445,random-grammar (control)
"(POWER($open, 2) + (LN(POWER(($low + $volume), 2)) * BOUND(($low - $volume), -3, 3)))",0.006283253240669122,2.572328238512225,0.007213503519862748,2.2313966655697843,1.1480523295117995,-0.14805232951179947,random-grammar (control)
"TS_CORR(MIN(IF_ELSE((($dollar_volume - $return) <= 0), BOUND(($dollar_volume * $low), -3, 3), $close), $close), TS_ARGMIN(($volume * $open), 10), 63)",0.0006244706633748964,0.5014939844363457,-0.0005303112851266448,-0.31365914958042723,-0.849217291106398,1.849217291106398,random-grammar (control)
"(IF_ELSE((($low * $high) < 0), ($close * $dollar_volume), $close) - BOUND(($dollar_volume - $dollar_volume), -3, 3))",0.004544695175398957,2.6214870047808696,-0.00283305088087016,-0.9968470689972139,-0.6233753357553755,1.6233753357553755,random-grammar (control)
"POWER((TS_COV(($dollar_volume + $close), $high, 10) + MIN(($open * $close), ($close + $close))), 3)",0.006017456189041484,4.58291273935674,0.0008585656425905542,0.44170669193439827,0.1426791680102476,0.8573208319897524,random-grammar (control)
"MIN($open, TS_CORR(($volume - $dollar_volume), ($dollar_volume * $dollar_volume), 3))",0.0016784986744721054,1.82107346673609,-2.283734006484191e-05,-0.020836362909473938,-0.013605813583394306,1.0136058135833943,random-grammar (control)
"POWER((CS_DEMEAN(($close + $return)) / (MAX($low, $dollar_volume) + 1e-8)), 1)",0.005305687782233173,3.4287634973026035,-0.004119290397376675,-1.5765758692138483,-0.7763914060625066,1.7763914060625066,random-grammar (control)
"TS_COVARIANCE($low, COUNT(($open <= $dollar_volume), 63), 252)",0.000928120673449093,1.1110845321723324,-0.00047313023286124227,-0.45019232087921723,-0.5097723242205027,1.5097723242205028,random-grammar (control)
"(BOUND($low, -3, 3) * MIN($return, ($high * $high)))",0.00918911477145118,3.418101953462882,0.012526266212105291,3.1844215113072765,1.363163538997467,-0.363163538997467,random-grammar (control)
"(IF_ELSE((($close - $volume) <= 0), ($low + $return), $return) / (BOUND($high, -3, 3) + 1e-8))",0.006286569831100548,2.5599754980657394,0.007061653667081856,2.1810941717096766,1.123292010874811,-0.12329201087481101,random-grammar (control)
"(CS_RANK(IF_ELSE((($high * $open) > 0), ($low + $dollar_volume), ($volume - $volume))) * MIN($dollar_volume, $high))",0.0010330966608218758,0.5454883083196621,0.005576687358298097,1.9571843517525376,5.398030571371304,-4.398030571371304,random-grammar (control)
"TS_COVARIANCE(TS_CORR($close, ($close * $high), 3), (COUNT(($high >= $return), 3) + LOG($low)), 21)",0.0011062653754733598,1.0033656376173619,-0.002970470303041734,-2.007871442367837,-2.685133575450375,3.685133575450375,random-grammar (control)
"POWER((EMA($high, 3) - COUNT((MIN(($open + $volume), $volume) >= $open), 63)), 0.25)",0.0034048078365032384,1.5502878681941903,0.00399645600230991,1.7957435417621856,1.1737684457441506,-0.17376844574415062,random-grammar (control)
"SQRT(TS_RANK(($volume * $open), 63))",0.003087286874091873,2.1949105265645694,-0.0006095799623296938,-0.3333629879045627,-0.19744843520866587,1.1974484352086658,random-grammar (control)
"MAX($close, MIN(POWER(($low * $return), 2), $open))",0.004549877352253615,2.6012932922008973,-0.0033675938087253544,-1.1604017466918568,-0.7401504585738646,1.7401504585738645,random-grammar (control)
