arm,expression,island,operator,round,fitness,fit_mean_ic,fit_tstat,holdout_mean_ic,retention,sign_held,shared_subtree_alpha101,edit_distance_alpha101,half_life,turnover,passes_a1_hurdle
gp-loop,"(MIN(($return * $return), ($dollar_volume + $open)) / (1e-08 + TS_ARGMIN(($earnings_per_share - $high), 63)))",liquidity_volume,explore,1,5.301286642009769,0.008835659393967474,5.942232208096897,-0.0028226518981955767,-0.3194613749057298,False,1,11,14.811688095107092,0.49069771451875177,True
gp-loop,"(MIN($roe, $volume) / (1e-08 + TS_STD(TS_MAX($high, 21), 10)))",fundamental_quality,crossover,3,4.693854275207683,0.009329565771023552,5.057477593984255,0.00423271024364011,0.4536878079348956,True,1,8,39.25782492035813,0.08762061531266564,True
gp-loop,"(MIN($roe, $volume) / (1e-08 + TS_STD(($volume - $earnings_per_share), 10)))",fundamental_quality,mutate,2,4.412633600301153,0.011425213386200098,5.149231876200318,0.006660490467152243,0.5829642074954234,True,1,8,inf,0.04409779149533046,True
gp-loop,"TS_COV($earnings_per_share, TS_COV($earnings_per_share, ($high + $low), 5), 63)",fundamental_quality,explore,3,4.387896776356478,0.006106840258593775,5.120369837462346,0.0026981478703406517,0.4418238820875847,True,3,9,3.126958601725339,0.023654085443275363,True
gp-loop,"(MIN($roe, $volume) / (1e-08 + TS_STD(TS_MAX($high, 5), 10)))",liquidity_volume,mutate,5,4.2776555135351435,0.00906670710781195,4.608715019462428,0.003138624649495222,0.3461702922763389,True,1,8,53.01034645345586,0.07340280662521144,True
gp-loop,"TS_SUM(POWER(($accrual_gap + $earnings_per_share), 3), 5)",price_trend,explore,1,4.182024451172559,0.01223858566059049,4.879194323242845,0.008181664216205862,0.6685138661529875,True,1,8,inf,0.007129230609298171,True
gp-loop,RANK($volume),price_trend,mutate,2,3.9633818750881322,0.0088071384792172,4.6286265601059835,0.004455175698664391,0.5058596170796644,True,2,6,inf,0.15268914498551728,True
gp-loop,"(MIN($roe, $volume) / ($earnings_per_share - $high))",price_trend,crossover,2,3.81891384815801,0.007263335513203309,4.988287493146327,0.002641246857397609,0.36364103690327176,True,1,7,18.816311559206333,0.013247294167447174,True
gp-loop,"TS_SUM(POWER(($accrual_gap + $roe), 3), 5)",liquidity_volume,mutate,4,3.7242338614059225,0.008190990839104096,4.345196947792199,0.007355057857310199,0.8979448276509941,True,1,8,inf,0.00831938000614486,True
gp-loop,"(TS_DELTA($leverage, 10) / (1e-08 + MAX(($dollar_volume * $leverage), ($operating_margin * $roa))))",price_trend,explore,5,3.5891573981741245,0.003278176512937899,4.317226896558296,0.0013260185199686497,0.4044988165631975,True,1,11,3.051645390710451,0.1719535906954494,True
gp-loop,"(POWER($asset_turnover, 3) - RANK(($asset_turnover * $roe)))",fundamental_quality,mutate,2,3.5688517426090822,0.007102887687236401,4.163895402461023,0.007264649713517037,1.022774121371976,True,1,9,inf,0.006873103506780901,True
gp-loop,"(MIN($roe, $volume) / (1e-08 + TS_ARGMAX(($volume - $earnings_per_share), 10)))",price_trend,explore,1,3.3880759540018675,0.007773687516670335,4.31880950605771,0.006564083694119344,0.8443976787133457,True,1,8,44.904675272607804,0.18987325634836968,True
gp-loop,"(MAX($roe, ($book_per_share - $earnings_per_share)) * MIN($asset_turnover, $open))",price_trend,explore,4,3.3841304717035303,0.007861245372155792,4.561718368592128,-0.0006650837857385459,-0.08460285288820081,False,1,8,inf,0.0026476180597222463,True
gp-loop,"POWER(COUNT((($asset_turnover + $earnings_per_share) <= 0), 21), 1.5)",liquidity_volume,explore,1,3.378302216302198,0.007797961031150273,4.427237037144017,0.004813323017218577,0.617254048589233,True,1,10,inf,0.00849574776753181,True
gp-loop,"COUNT((TS_MIN($high, 63) > ($roe - ($earnings_per_share - $high))), 3)",liquidity_volume,crossover,5,3.291237128315455,0.005688798583960221,4.613520331502585,-0.0002115749706476611,-0.03719150318385407,False,1,10,27.563512971806297,0.1019635626962872,True
gp-loop,"COUNT((TS_MIN($high, 63) > ($roe - $book_per_share)), 3)",liquidity_volume,explore,4,3.1850422174352975,0.006259515314382846,4.45938002803093,0.0027622821892646144,0.44129330316000037,True,1,10,inf,0.006435315835015475,True
gp-loop,"COUNT((ZSCORE($accrual_gap) >= ($open * $operating_margin)), 63)",fundamental_quality,explore,3,3.0846616274450516,0.008144613796340157,3.9261009643860496,0.003922350571776906,0.4815882827420796,True,1,9,inf,0.005476102884992481,True
gp-loop,"(CS_DEMEAN($roe) / (1e-08 + POWER(($earnings_per_share + $earnings_per_share), 2)))",liquidity_volume,explore,2,2.9076724057681362,0.006076024134088384,3.7013259210869287,0.00344566275138138,0.5670916828736972,True,1,9,20.585511209365244,0.01681787689472733,True
gp-loop,"(MIN($earnings_per_share, ($earnings_per_share * $operating_margin)) * POWER(($operating_margin - $earnings_per_share), 1))",liquidity_volume,explore,1,2.8585102325832845,0.006282828556517293,3.638392244244806,0.0058515126165646185,0.9313500382713352,True,1,9,inf,0.007823531832456182,True
gp-loop,"(ABS(($accrual_gap + $leverage)) * MAX($roa, ($asset_turnover - $book_per_share)))",price_trend,explore,5,2.819996237875919,0.00794586918444598,3.5235059203143475,0.005331604282108747,0.6709906944535847,True,0,9,inf,0.006841704221270764,False
opus5-loop,"RANK($roa) - RANK(TS_SUM($return, 5))",fundamental_quality,simplify,3,5.5881731669754195,0.01372542094018477,6.022863674338929,0.013234511504013906,0.9642335606091614,True,3,8,4.265829024180228,0.20445981055158532,True
opus5-loop,"CS_DEMEAN(CS_RANK($roe)) - CS_RANK(TS_CORR($volume, $high - $low, 15))",fundamental_quality,simplify,4,5.587032080899102,0.010679262541293668,6.127694960354376,0.006937346371474191,0.6496091227881559,True,3,9,25.32845947544512,0.10353482833996883,True
opus5-loop,"CS_RANK(TS_CORR(TS_RANK($dollar_volume, 5), $high - $low, 63))",fundamental_quality,mutate,5,5.234824253797141,0.007565357486077064,5.640314659612146,0.0013866059175918469,0.18328359501103453,True,3,9,18.5107029489593,0.07003701112198216,True
opus5-loop,"CS_DEMEAN(CS_RANK($roe)) - CS_RANK(MAX(TS_DELTA($leverage, 63), 0)) * CS_RANK(TS_CORR($volume, $high - $low, 42))",liquidity_volume,crossover,3,5.2296147738867385,0.01126658410403814,5.848209686296512,0.008068553163522845,0.7161490198818056,True,3,15,40.99759933792875,0.03335348404158149,True
opus5-loop,CS_RANK($roe) - CS_RANK($volume),liquidity_volume,simplify,5,5.116526530979104,0.011884691388656998,5.97246350822935,0.008196014676125787,0.6896278925633893,True,2,6,inf,0.10856593702530094,True
opus5-loop,"CS_RANK($roe) - CS_RANK(TS_CORR($high - $low, $dollar_volume / ($open + 1e-8), 63))",price_trend,crossover,3,5.042983287705009,0.010275688377267654,5.647403387819,0.005993923324994643,0.5833111228104847,True,3,12,37.64592903731083,0.03763336570721114,True
opus5-loop,"CS_RANK(TS_CORR($volume, $high - $low, 21))",liquidity_volume,explore,2,4.9809137512928405,0.007028211471167251,5.816384950920398,0.0007382446177797669,0.10504018281299077,True,3,7,18.20577270864646,0.11017862345529963,True
opus5-loop,"CS_RANK(TS_CORR(TS_DELTA($dollar_volume, 5), $high - $low, 21))",price_trend,mutate,4,4.920219702174487,0.005633314387916611,5.3049028300062915,0.00046914369384250964,0.0832802257315546,True,3,9,4.671000812647808,0.12236350276557453,True
opus5-loop,"CS_RANK($roe) - TS_RANK($high - $low, 10)",liquidity_volume,simplify,5,4.904826239746176,0.008796814079352592,5.2956372025618785,0.004647746495866318,0.528344290778551,True,3,7,8.441011570859917,0.41698568061373836,True
opus5-loop,"CS_RANK($roe) - CS_RANK(($high - TS_MIN($low, 21)) / (TS_SUM($high - $low, 42) + 1e-8))",liquidity_volume,crossover,6,4.838903671590087,0.009274981244622128,5.649774399889257,0.00775090527621818,0.8356788085919153,True,3,11,3.980171440096134,0.12345574223327353,True
opus5-loop,"CS_DEMEAN(CS_RANK($roe)) * CS_RANK(TS_MEAN($high - $low, 10) / (TS_MEAN($open, 10) + 1e-8))",liquidity_volume,explore,2,4.760210287216297,0.010335256728032769,5.234877182256412,0.00911327271157672,0.8817654898555536,True,3,13,57.12154853831813,0.029499955280327197,True
opus5-loop,"CS_RANK($roa - $accrual_gap) - CS_RANK(TS_DELTA($leverage, 63) * TS_MAX($high, 21) / ($open + 1e-8))",price_trend,crossover,3,4.72737509843858,0.009407985254157746,5.306925064496651,0.007887525522228864,0.8383862547768203,True,3,14,38.432481590695,0.01715656483514512,True
opus5-loop,"CS_DEMEAN(CS_RANK($asset_turnover)) - CS_RANK(TS_CORR($volume, $high - $low, 63))",fundamental_quality,mutate,5,4.609142744346107,0.0072077724650989935,5.072753753837409,0.004560631005352277,0.6327379266528552,True,3,9,57.181170909955654,0.03613170849174969,True
opus5-loop,"CS_RANK($roa) - CS_RANK(COUNT($high > DELAY($high, 1), 21))",price_trend,explore,6,4.5880910142105344,0.008158223651611922,4.944258946308389,0.006593286999473632,0.8081767895846927,True,3,10,4.823850500013462,0.09921948855143606,True
opus5-loop,"CS_RANK($roe) - CS_RANK(TS_CORR($return, $high - $low, 42))",fundamental_quality,simplify,6,4.559229029192722,0.008745756667350653,5.019284877675418,0.0057925491646330304,0.6623268157296862,True,3,8,10.942941811819265,0.05351005318938112,True
opus5-loop,"CS_ZSCORE(TS_DELTA($roa, 63)) - CS_ZSCORE($accrual_gap) * CS_RANK(TS_RANK($close, 168))",fundamental_quality,crossover,4,4.4896599080382344,0.005188577086658402,4.8370530844745785,0.004999094880400466,0.9634808921418632,True,1,11,3.77862466583774,0.04053384542061916,True
opus5-loop,"CS_RANK($roe) - TS_RANK(TS_SUM($high - $low, 10), 42)",liquidity_volume,mutate,6,4.475142386658818,0.008132085745727555,4.823091205609552,0.004303368118645444,0.529183810058367,True,3,9,4.898771861564571,0.11607955249912617,True
opus5-loop,"CS_DEMEAN(CS_RANK($roe)) - CS_RANK(ABS(TS_DELTA($leverage, 63))) * CS_RANK(TS_CORR($volume, $high - $open, 42))",liquidity_volume,mutate,4,4.384079604370183,0.009180830750494787,4.937822504804775,0.006980981238986783,0.7603866609359456,True,1,15,44.788032065276134,0.038721255423401116,True
opus5-loop,"CS_RANK(TS_CORR(TS_RANK($dollar_volume, 21), $high - $low, 63))",fundamental_quality,mutate,6,4.382891250469867,0.00782576837765027,5.115658990802937,0.0013087715326790938,0.16723872590157843,True,3,9,18.900801139380178,0.059945865569983686,True
opus5-loop,"RANK($roa) - RANK(($open - TS_MIN($low, 21)) / (TS_MEAN($high, 21) + 1e-8))",liquidity_volume,crossover,1,4.35457177844618,0.011858566507066003,5.2004307132282,0.008839886416446036,0.7454430863274016,True,1,11,17.59452513688341,0.13409383967685923,True
opus5-oneshot,"-CS_ZSCORE(($high - $close) * $volume / (TS_MEAN($dollar_volume, 26) + 1e-8))",liquidity_volume,explore,1,9.23845563329838,0.013341864995192469,10.067149560226913,0.007253510133113086,0.5436653822930133,True,3,10,inf,0.2547683309476218,True
opus5-oneshot,-CS_RANK($close / (ABS($earnings_per_share) + 1e-8)),fundamental_quality,explore,1,8.819904691316523,0.012493886146995621,8.820443645896075,0.00047280539090462,0.037842940566439734,True,1,8,inf,0.015268250500001971,True
opus5-oneshot,"CS_RANK(TS_MEAN(SIGN(($close - $open)), 63))",price_trend,explore,1,7.96129016032311,0.008670140140799268,7.962652026992181,-0.0005334543968773667,-0.06152777097189914,False,3,8,inf,0.029657392622203592,True
opus5-oneshot,"CS_RANK(($earnings_per_share / ($close + 1e-8))) * CS_RANK(-TS_SUM($return, 10))",price_trend,explore,1,7.672770257865538,0.01760745900861872,8.26648775101856,0.008264201485025966,0.4693579852141471,True,3,8,14.344474007205324,0.138622649897869,True
opus5-oneshot,CS_RANK($roa * $book_per_share / ($close + 1e-8)),fundamental_quality,explore,1,7.446185768733878,0.01325828961875986,7.446519577179419,0.001489091303134775,0.11231398211634934,True,3,8,inf,0.011886704929212075,True
opus5-oneshot,"CS_RANK($roa) * CS_RANK(TS_DECAY_LINEAR(-$return, 10))",fundamental_quality,explore,1,7.288976684141978,0.016262110758916825,7.292547838153585,0.013323579713695077,0.819301990449764,True,1,7,4.107603836363012,0.15927081553051964,True
opus5-oneshot,CS_RANK($earnings_per_share * $roa / ($close + 1e-8)),fundamental_quality,explore,1,7.08318058977968,0.010428256829289414,7.083602224635409,0.005114555265955134,0.4904516018046366,True,3,8,inf,0.012414351975970662,True
opus5-oneshot,"CS_ZSCORE($earnings_per_share / (TS_MEAN($close, 21) + 1e-8)) * CS_RANK(TS_MEAN(ABS($return), 88) / (TS_MEAN($dollar_volume, 88) + 1e-8))",liquidity_volume,explore,1,6.652766351896227,0.01384638293795239,7.878638388906472,0.003911822843805058,0.2825158643477139,True,1,17,inf,0.012381901142176983,True
opus5-oneshot,CS_RANK($book_per_share * $asset_turnover / ($close + 1e-8)),fundamental_quality,explore,1,6.594150030151356,0.010415372827472338,6.594445137324532,-0.003428603322154599,-0.3291868067469527,False,3,8,inf,0.009321940417047753,True
opus5-oneshot,"CS_RANK((DELAY($close, 10) / (DELAY($close, 120) + 1e-8))) * CS_RANK(-$return)",price_trend,explore,1,6.507482794978908,0.018659533216384794,7.016765666945284,0.012404456480492116,0.6647784988318923,True,3,10,3.12021286951759,0.4300225631406924,True
opus5-oneshot,"CS_ZSCORE(($high - $low) / (TS_STD($close, 21) + 1e-8))",liquidity_volume,explore,1,6.483069417812956,0.009003475135689788,6.494041134641028,0.005966987751483611,0.6627427367273402,True,3,7,inf,0.30422837678202314,True
opus5-oneshot,"CS_ZSCORE(TS_CORR(((($close - $low) / (($high - $low) + 1e-8))), $volume, 21))",price_trend,explore,1,6.397009972311149,0.007417019565107809,7.001557476042493,-0.00029638699195923794,-0.03996038966292384,False,3,6,inf,0.09398992588758637,True
opus5-oneshot,"CS_RANK($earnings_per_share / ($adj_close + 1e-8)) * CS_RANK(TS_ARGMIN($volume, 90))",liquidity_volume,explore,1,5.750805890812139,0.011001964454881769,6.710524184155016,0.0034367795405981175,0.3123787169729636,True,1,9,inf,0.03515045937791297,True
opus5-oneshot,"IF_ELSE($dollar_volume > TS_MEAN($dollar_volume, 63), CS_ZSCORE(TS_SUM($return, 24)), -CS_ZSCORE(TS_SUM($return, 24)))",liquidity_volume,explore,1,5.7371090735759305,0.007567842669630921,5.751513738974279,-0.0020958454764676026,-0.27694094181926426,False,1,14,3.4952197357313017,0.37907321929764815,True
opus5-oneshot,"CS_RANK($roa) * CS_RANK(TS_MEAN(ABS($return), 115) / (TS_MEAN($dollar_volume, 115) + 1e-8))",liquidity_volume,explore,1,5.679124538385319,0.010028455362077663,6.116295441227443,0.0030603658752644644,0.3051682203061058,True,1,12,inf,0.00959697938689373,True
opus5-oneshot,CS_ZSCORE($earnings_per_share * $asset_turnover / ($close + 1e-8)),fundamental_quality,explore,1,5.515665037258969,0.014574368058294512,6.435218581546651,0.0065862401523759185,0.4519057104934015,True,3,8,inf,0.010717133253340583,True
opus5-oneshot,"CS_RANK($roe) * CS_RANK(TS_RANK($volume, 21))",fundamental_quality,explore,1,5.486215049465532,0.009334780708222518,5.919793069742864,0.005717616029163395,0.6125067323892298,True,1,7,19.364671642740262,0.33857607330039985,True
opus5-oneshot,CS_RANK($earnings_per_share * $volume / ($dollar_volume + 1e-8)),fundamental_quality,explore,1,5.1323734311415405,0.013152920512158519,6.532659815638154,0.0008712771120181048,0.06624210274917262,True,1,8,19.94714406256935,0.017343902274150592,True
opus5-oneshot,"CS_RANK(TS_CORR($volume, $high - $low, 21))",liquidity_volume,explore,1,4.9809137512928405,0.007028211471167251,5.816384950920398,0.0007382446177797669,0.10504018281299077,True,3,7,18.20577270864646,0.11017862345529963,True
opus5-oneshot,"-CS_ZSCORE(TS_MEAN($return, 3)) * CS_RANK(TS_STD($return, 63))",price_trend,explore,1,4.921268589394833,0.01198724377703107,5.750920983612932,0.012767432423312844,1.0650849069889363,True,1,9,3.4681044841720055,0.3373505499639177,True
sonnet5-loop,"CS_RANK(($high - $close) / (TS_STD($high - $low, 10) + 1e-8))",price_trend,explore,3,9.205627101536685,0.015163494336935571,9.92242007579437,0.006870954364406374,0.4531247357457676,True,3,6,40.93612610774045,0.2460007944068657,True
sonnet5-loop,CS_RANK($book_per_share / ($close + 1e-8)) * CS_RANK($roe),fundamental_quality,explore,3,8.95398220485986,0.015354618107084798,8.954415997183666,0.0004144772672069491,0.02699365521931832,True,3,8,inf,0.014876939985620596,True
sonnet5-loop,"CS_RANK($roe) * CS_RANK(TS_RANK($dollar_volume, 21) - TS_DELTA($open, 5))",fundamental_quality,crossover,5,7.979309895121822,0.01462120664398452,8.599923447955657,0.008248278056737864,0.564131145778682,True,1,10,3.9873602839982327,0.21535211187980757,True
sonnet5-loop,"CS_RANK(($earnings_per_share / (TS_MIN($low, 21) + 1e-8)) - TS_MEAN($return, 10))",price_trend,crossover,2,7.93665630027867,0.015936506128903315,7.938753633260882,0.004447899699771049,0.27910130763882407,True,1,10,13.331260725709367,0.08420505653519329,True
sonnet5-loop,"CS_RANK(TS_ARGMIN($low, 126)) * CS_RANK(-TS_DELTA($high, 1))",price_trend,explore,8,7.284950145706206,0.012148480802253385,7.297348515957946,0.005815674992742359,0.4787162351743295,True,1,7,3.129850533645369,0.41281120849065384,True
sonnet5-loop,"CS_RANK($asset_turnover) * CS_RANK((TS_MIN($low, 21) / ($close + 1e-8)) - TS_MEAN($return, 5))",liquidity_volume,crossover,4,7.181135034877872,0.014487127441354882,7.28271230879659,0.009874305733149322,0.6815916939449417,True,3,12,25.239379102686286,0.06275180812178724,True
sonnet5-loop,"CS_RANK($earnings_per_share / ($close + 1e-8)) - CS_RANK(TS_MEAN($return, 10))",fundamental_quality,explore,1,7.0665364175197425,0.016297089112716483,7.613806684025289,0.008539442020650061,0.5239857229464865,True,3,9,12.218373805067348,0.14670457867358241,True
sonnet5-loop,CS_RANK($asset_turnover / ($close + 1e-8)) * CS_RANK($roe),price_trend,mutate,8,6.902316711352901,0.01127323242239679,6.902668096247737,0.005025440362244527,0.44578521704745205,True,3,8,inf,0.011477427377279373,True
sonnet5-loop,"CS_RANK(TS_MAX($high, 21) - $close) / (CS_RANK(TS_MEAN($dollar_volume, 21)) + 1e-8)",liquidity_volume,crossover,1,6.588946668318737,0.01216807379406111,7.098255058273047,0.004638560996141345,0.38120750043489166,True,1,10,18.570827225048482,0.07851782067606992,True
sonnet5-loop,"CS_RANK(TS_DELTA($open, 5)) * CS_RANK(TS_STD($open, 63) / (TS_STD($open, 5) + 1e-8))",price_trend,explore,4,6.583227664835478,0.00859415666393372,6.594514061067662,0.0035201212271290905,0.4095947240410043,True,1,11,3.016391304261109,0.2941749960418361,True
sonnet5-loop,"CS_RANK($roe) * CS_RANK(TS_RANK($dollar_volume, 21) - TS_DELTA($open, 10))",fundamental_quality,mutate,6,5.920684612761369,0.011367875796055863,6.380808794617939,0.008235197993182121,0.724427161320619,True,1,10,4.306679157414938,0.15507255947346146,True
sonnet5-loop,"CS_RANK($asset_turnover) * CS_RANK(-TS_MEAN($return, 5))",price_trend,explore,4,5.77897157487114,0.010649790124746704,6.2295869889449405,0.011155735017965114,1.0475074989546278,True,1,7,4.130210827155981,0.19300527843806747,True
sonnet5-loop,"CS_RANK($earnings_per_share) - CS_ZSCORE(TS_MEAN($dollar_volume, 21))",fundamental_quality,crossover,2,5.127821749544641,0.012219072136734042,5.522605886172774,0.004714215839852412,0.38580800465856363,True,1,8,inf,0.013819073761236998,True
sonnet5-loop,"CS_RANK($earnings_per_share * TS_RANK($dollar_volume, 21)) - CS_RANK(TS_MEAN($return, 10) * ABS($return))",price_trend,crossover,4,5.109382705537273,0.01165368496272643,5.9704795928246694,0.012276550537590457,1.0534479503141043,True,1,14,4.53470436206803,0.31898594519078416,True
sonnet5-loop,"CS_RANK(COUNT($return > TS_MEAN($return, 63), 5)) * CS_RANK(TS_STD($return, 5))",price_trend,explore,3,5.097356991087979,0.014743989785765186,5.953254953625105,0.004485513114904701,0.3042265479073588,True,3,11,7.958966513366182,0.26910872272908387,True
sonnet5-loop,"CS_RANK(($earnings_per_share * TS_MEAN($dollar_volume, 21)) / ($close + 1e-8))",price_trend,crossover,2,5.03753904921791,0.009855774783872553,5.877609581654099,0.006848518006078571,0.6948736305627751,True,3,10,39.35818312658206,0.013817807637499537,True
sonnet5-loop,"CS_RANK(TS_CORR($high - $low, $volume, 21))",liquidity_volume,explore,5,4.9809137512928405,0.007028211471167251,5.816384950920398,0.0007382446177797669,0.10504018281299077,True,3,7,18.20577270864646,0.11017862345529963,True
sonnet5-loop,"CS_RANK($asset_turnover * TS_RANK($dollar_volume, 21)) - CS_RANK(TS_MEAN($return, 5))",liquidity_volume,crossover,5,4.834166347280321,0.010863762255513257,5.214351526890592,0.00979767914403278,0.9018679637489813,True,1,11,3.9085048002068365,0.3221615108396341,True
sonnet5-loop,"CS_RANK($close / (TS_MAX($high, 21) + 1e-8)) * TS_RANK(TS_MEAN($dollar_volume, 21), 63)",fundamental_quality,crossover,2,4.780061613297293,0.007588559790184807,5.150985644081288,0.005502276251403761,0.7250751662417569,True,1,12,3.817066369093518,0.08828991370146075,True
sonnet5-loop,"CS_RANK(TS_DELTA($roa, 63)) - CS_RANK($accrual_gap)",fundamental_quality,explore,4,4.74298514649183,0.006076193147727182,4.743668784604294,0.005142544759121371,0.8463432010954023,True,0,8,31.143931011224815,0.017513521297938463,True
sonnet5-oneshot,"CS_RANK(TS_MEAN($earnings_per_share/($close+1e-8), 6))",fundamental_quality,explore,1,7.127609651464932,0.015813502699934125,7.676144932674955,0.0038032690723862096,0.24050769425056304,True,3,6,inf,0.00985604259448519,True
sonnet5-oneshot,"RANK($close / (TS_MIN($low, 126) + 1e-8))",price_trend,explore,1,6.686922848019066,0.013608509288734317,7.202299044930317,0.0015321518649858566,0.1125877811065048,True,1,7,20.114377653216305,0.035002955455766566,True
sonnet5-oneshot,"$accrual_gap * TS_ARGMAX($high - $low, 21)",liquidity_volume,explore,1,6.630117388547266,0.00677274243669749,6.635795935735275,0.0030496378654541667,0.45028109277122086,True,3,7,5.371181838670817,0.11591476860192812,True
sonnet5-oneshot,"($adj_close / ($book_per_share + 1e-8)) * $leverage * TS_STD($return, 90)",fundamental_quality,explore,1,5.155103113541091,0.005714694796986544,5.255507373607627,0.0008188960640406924,0.14329655268248276,True,1,8,20.98366596901655,0.008791626515327066,True
sonnet5-oneshot,"CS_ZSCORE(TS_MEAN($volume, 6))",liquidity_volume,explore,1,4.4544965855909675,0.009477893445221383,4.798181980009102,0.005197491285663473,0.5483804302826355,True,1,6,inf,0.037851276902549295,True
sonnet5-oneshot,"RANK(-TS_SUM($return, 3) * SIGN($accrual_gap))",price_trend,explore,1,4.384358069080002,0.010862460187647279,5.125198826970384,0.009261831036306232,0.8526457981257992,True,1,8,3.4209901832733087,0.3674864841110277,True
sonnet5-oneshot,"$earnings_per_share * TS_RANK($dollar_volume, 30)",liquidity_volume,explore,1,4.307955370826495,0.011428581147984103,5.49035081577965,0.007836846885488342,0.6857235193076168,True,1,6,inf,0.24528034407722957,True
sonnet5-oneshot,"$roe * SIGN($return) * ($volume / (TS_MEAN($volume, 30) + 1e-8))",liquidity_volume,explore,1,4.302160753847988,0.008748421403992202,5.499191947901229,0.005801218040512148,0.663115980885975,True,1,10,4.359105633055552,0.5928457611337571,True
sonnet5-oneshot,"TS_MEAN($asset_turnover, 45) / (TS_STD($asset_turnover, 45) + 1e-8)",fundamental_quality,explore,1,4.301587141863134,0.005464827402633628,4.634627578155931,0.001808319145237773,0.33090141957023234,True,1,7,inf,0.04706164671681629,True
sonnet5-oneshot,"CS_RANK($operating_margin) - CS_RANK(TS_STD($dollar_volume, 63))",fundamental_quality,explore,1,4.294587264553433,0.007918509858542871,5.0108317500771795,0.001625302171954658,0.2052535389851417,True,1,8,20.587760494039514,0.01300184815545395,True
sonnet5-oneshot,"CS_RANK($roa) * CS_RANK(TS_ARGMAX($volume, 21))",fundamental_quality,explore,1,4.274011818308674,0.007963603717778767,4.606514856107329,0.006725140385967753,0.8444845605456056,True,1,7,9.276121290855794,0.1198473930874,True
sonnet5-oneshot,"CS_RANK($roa) * CS_RANK(TS_COV($return, $dollar_volume, 10))",fundamental_quality,explore,1,4.108850892916629,0.00810104701856842,4.428236103690953,0.0011981669651995074,0.14790272941919574,True,1,8,62.988922399664766,0.11278778139240514,True
sonnet5-oneshot,"RANK((TS_MEAN($high - $low, 21) - TS_MEAN($high - $low, 126)) * SIGN(TS_SUM($return, 21)))",price_trend,explore,1,4.101682163786605,0.007725209071809796,4.791092374668524,0.004209141722631669,0.5448579686977439,True,3,14,4.535417664950822,0.16022342502314277,True
sonnet5-oneshot,"-RANK(($open - DELAY($adj_close, 2)) / (DELAY($adj_close, 2) + 1e-8))",price_trend,explore,1,4.081452792056222,0.008152669319229406,5.205120733999777,0.002065326953759082,0.25333137809081374,True,1,10,inf,0.25953009667054083,True
sonnet5-oneshot,"RANK(($close / (TS_MAX($high, 189) + 1e-8)) / (1 + $leverage))",price_trend,explore,1,4.032710759337694,0.00858695112396196,5.13330170112971,-0.0017282189496168106,-0.20126106748112274,False,1,9,19.967174993384248,0.019997240632989948,True
sonnet5-oneshot,$asset_turnover * CS_ZSCORE($volume),liquidity_volume,explore,1,3.9177452397327217,0.008672265072728209,4.22205797650735,0.006333908048733525,0.7303637510633586,True,1,6,inf,0.11244486984043349,True
sonnet5-oneshot,"CS_RANK($roa) - CS_RANK(TS_ARGMIN($low, 21))",fundamental_quality,explore,1,3.8926337751794984,0.008490710777581985,4.544909562561243,0.007594433162886335,0.8944402137613625,True,1,8,15.27790321149205,0.11220264072500086,True
sonnet5-oneshot,"$accrual_gap / (TS_STD($volume, 63) / (TS_MEAN($volume, 63) + 1e-8) + 1e-8)",liquidity_volume,explore,1,3.8795189177917617,0.006199512068496246,4.17852113474194,0.003128750950355731,0.5046769674431235,True,1,11,38.089688812731524,0.015917364765507556,True
sonnet5-oneshot,"IF(CS_DEMEAN($accrual_gap) < 0, CS_RANK(TS_MEAN($earnings_per_share / ($book_per_share + 1e-8), 15)), 0)",fundamental_quality,explore,1,3.7980360782766636,0.0053507001768937565,4.19839609437685,0.004671672684725376,0.8730955819388526,True,1,13,inf,0.012096712396054312,True
sonnet5-oneshot,$accrual_gap * CS_ZSCORE($dollar_volume),liquidity_volume,explore,1,3.7225979987457642,0.006377889172389262,4.347638937979433,-0.0009655765681847764,-0.15139437862371252,False,1,6,inf,0.11588132907965608,True
sonnet5-scalar,"TS_MEAN(($close - $low) / (TS_RANK($dollar_volume, 5) + 1e-8), 10)",price_trend,mutate,4,11.707439850987944,0.013685121682952302,11.70903732884619,-0.003991364180456652,-0.29165719333199175,False,3,7,inf,0.03734154783513727,True
sonnet5-scalar,"TS_MEAN(($close - $low) / (TS_STD($close, 21) + 1e-8), 10)",price_trend,mutate,5,10.016384725304674,0.010971009541810645,10.018613087717773,0.0037499950921690683,0.34180948233412733,True,3,7,inf,0.04880393140780127,True
sonnet5-scalar,RANK(ABS($earnings_per_share) / ($close + 1e-8)),price_trend,mutate,5,8.43001540849352,0.012493875930390114,8.430530538677727,0.0004727965308446243,0.03784226235948075,True,3,7,inf,0.015268250509166047,True
sonnet5-scalar,RANK($earnings_per_share / ($close + 1e-8)),fundamental_quality,explore,2,8.246158524724395,0.016685922561371934,8.880879674999848,0.004173149236405207,0.25010000022810164,True,3,6,inf,0.01400133627871336,True
sonnet5-scalar,"RANK($earnings_per_share) * (($low - TS_MAX($high, 21)) / ($close + 1e-8))",liquidity_volume,crossover,7,7.873141417670875,0.013394160639106142,7.976186755685179,0.011531754772237373,0.8609538949808313,True,3,10,20.023361903040886,0.10227881521177182,True
sonnet5-scalar,"TS_MEAN(($close - $low) / ($dollar_volume + 1e-8), 10)",price_trend,mutate,3,7.646059173050554,0.01053372971245082,7.646796278379781,-0.00016063955265190722,-0.015250016569347893,False,3,7,inf,0.020307768181653935,True
sonnet5-scalar,"RANK($earnings_per_share) - RANK(TS_DELTA($close, 3) / ($close + 1e-8))",price_trend,mutate,5,7.272817862606201,0.016932525327607938,7.838900475295979,0.014505308109765806,0.8566535604772059,True,3,10,3.9305888024042948,0.26616955172839607,True
sonnet5-scalar,"RANK($earnings_per_share) - RANK(TS_RANK(($close - $high) / ($close + 1e-8), 21))",liquidity_volume,mutate,6,6.901060977240145,0.014951583574919342,6.911457108549279,0.009189874014612723,0.614642186131264,True,3,11,4.879594625462888,0.44979987196065496,True
sonnet5-scalar,RANK($earnings_per_share) - RANK(($close - $low) / ($close + 1e-8)),liquidity_volume,crossover,4,6.794366059497242,0.01912116809207849,7.320317082892019,0.010567016936984332,0.552634487919283,True,3,9,inf,0.16044534153557624,True
sonnet5-scalar,"CS_RANK($close - $high) * TS_RANK($high - TS_MAX($high, 21), 21)",price_trend,crossover,8,6.72471832368771,0.012986283457448627,7.248227257427324,0.010199379973126166,0.7853963766112037,True,1,9,4.302233082148008,0.20705791093506729,True
sonnet5-scalar,"TS_MEAN($open / (DELAY($close, 21) + 1e-8), 10)",liquidity_volume,mutate,6,6.535152162327103,0.012556504745058357,6.535801423085948,0.003982248452563671,0.31714625474345437,True,1,8,inf,0.02494704251697937,True
sonnet5-scalar,(($close - $low) * ($close - $high)) / ($dollar_volume + 1e-8),liquidity_volume,crossover,8,6.4011648110661215,0.007516194053707773,6.508514057052824,-0.002941278565551693,-0.3913255225363356,False,3,8,inf,0.1697418442989558,True
sonnet5-scalar,"(CS_RANK($roe) * TS_RANK($dollar_volume, 63)) / ($dollar_volume + 1e-8)",fundamental_quality,crossover,5,6.159733196943908,0.011275911094142695,6.639125953959511,0.0011262831697006431,0.09988400585081716,True,1,9,20.43529635155741,0.17559701769069033,True
sonnet5-scalar,RANK($earnings_per_share) - RANK($dollar_volume),fundamental_quality,mutate,4,6.115296398676509,0.012678217073197027,6.589074490833786,0.0027252059657950404,0.2149518303765589,True,1,6,20.89648738225806,0.12044705889343009,True
sonnet5-scalar,"TS_MEAN($open / (DELAY($close, 1) + 1e-8), 10)",price_trend,explore,2,5.866922915579095,0.010195992470323965,6.847450143691461,6.893454708275231e-05,0.006760945271722234,True,3,8,inf,0.06909247091877081,True
sonnet5-scalar,"CS_RANK($close - TS_MAX($high, 21)) * TS_RANK($dollar_volume, 63)",price_trend,crossover,7,5.470244405550994,0.007926711907546909,5.903207213596908,0.007771699673601477,0.9804443209550927,True,1,9,5.826762911173553,0.30360671187347826,True
sonnet5-scalar,"TS_CORR($high - $low, TS_DELTA($dollar_volume, 5), 21)",liquidity_volume,explore,7,5.161438243865622,0.005633314387916611,5.564980835039635,0.00046914369384250964,0.0832802257315546,True,3,9,4.671000812647808,0.12236350276557453,True
sonnet5-scalar,"CS_RANK($accrual_gap) - CS_RANK(TS_DELTA($book_per_share, 63))",fundamental_quality,explore,4,5.151881490997101,0.008739154720402832,5.548791903544718,0.005845941184325938,0.6689366845374342,True,0,8,45.8035376223643,0.017895818021027996,True
sonnet5-scalar,"CS_RANK($earnings_per_share) * CS_RANK(TS_MAX($dollar_volume, 21) / ($close + 1e-8))",price_trend,crossover,5,5.03065731499191,0.009113198745656421,5.8700063182730835,0.004555093249049539,0.4998347315996604,True,3,10,40.547330816944296,0.024115705562809776,True
sonnet5-scalar,"TS_RANK($high - $low, 63) * CS_RANK(TS_STD($volume, 21))",liquidity_volume,crossover,4,4.998057041452926,0.007861385143046346,5.8475344505034625,0.002032254699303207,0.25851102093640627,True,3,8,20.61306820960167,0.3795314486712833,True
alpha101,"(TS_CORR(TS_MEAN($dollar_volume, 20), $low, 5) + (($high + $low) / 2)) - $close",reference,alpha101,0,10.381688374698948,0.014089208400657824,10.488101382676529,0.007337848277806416,0.5208133820679246,True,5,13,inf,0.17229849822095686,True
alpha101,"-1 * CS_RANK((TS_STD(ABS($close - $open), 5) + ($close - $open)) + TS_CORR($close, $open, 10))",reference,alpha101,0,10.056675189432262,0.016443124589439376,10.838236306267175,0.008718016430309302,0.5301922017855696,True,3,13,20.846040295077266,0.22457865117623335,True
alpha101,"(-1 * CS_RANK(TS_RANK($close, 10))) * CS_RANK($close / ($open + 1e-8))",reference,alpha101,0,8.439181258334168,0.01639319500892947,9.097946613140847,0.0130401903189636,0.7954636245015405,True,7,8,4.869352013496871,0.3211638292116683,True
alpha101,"-1 * TS_CORR($high, CS_RANK($volume), 5)",reference,alpha101,0,7.990979329972753,0.007266612496000205,8.010849756829687,0.004015205209210783,0.552555294701746,True,2,3,3.3829195289159895,0.3604878295872429,True
alpha101,"(-1 * (($low - $close) * POWER($open, 5))) / (((($low - $high) * POWER($close, 5))) + 1e-8)",reference,alpha101,0,7.837457776970649,0.012019438132840976,8.77450862231552,0.006029927016368871,0.5016812724292966,True,2,15,inf,0.28218781504435286,True
alpha101,"-1 * CS_RANK(TS_COV(CS_RANK($high), CS_RANK($volume), 5))",reference,alpha101,0,7.788105860182298,0.007468152198680105,7.804605208143908,0.0004203512140851748,0.056285839241394436,True,2,1,3.091636454907508,0.3157613702938115,True
alpha101,"-1 * CS_RANK(TS_COV(CS_RANK($close), CS_RANK($volume), 5))",reference,alpha101,0,7.0331456106900525,0.006425453002488435,7.049955252530804,0.0012638486616472384,0.19669409474441382,True,2,1,3.503284759635312,0.30641205445279035,True
alpha101,"(TS_RANK($volume, 32) * (1 - TS_RANK(($close + $high) - $low, 16))) * (1 - TS_RANK($return, 32))",reference,alpha101,0,6.70888941887388,0.012903283812630303,7.022449499763407,0.007027849984891242,0.5446559253398792,True,1,15,3.0688332224005808,0.49831493197834054,True
alpha101,"-1 * TS_SUM(CS_RANK(TS_CORR(CS_RANK($high), CS_RANK($volume), 3)), 3)",reference,alpha101,0,6.303936567822401,0.006156104371852793,6.319267256229225,0.0007369061610714351,0.11970332479103983,True,2,4,3.070175253500227,0.2986970295701132,True
alpha101,"(((1.0 - CS_RANK((SIGN($close - DELAY($close, 1)) + SIGN(DELAY($close, 1) - DELAY($close, 2))) + SIGN(DELAY($close, 2) - DELAY($close, 3)))) * TS_SUM($volume, 5)) / (TS_SUM($volume, 20) + 1e-8))",reference,alpha101,0,6.0600676985156,0.01139159893016069,6.5370694953014965,0.008265846683259628,0.7256089978180991,True,5,30,3.4658738713015698,0.35090217706107524,True
alpha101,"CS_RANK((1 - CS_RANK(TS_STD($return, 2) / (TS_STD($return, 5) + 1e-8))) + (1 - CS_RANK(TS_DELTA($close, 1))))",reference,alpha101,0,5.714163874219619,0.011992957067331153,6.80413097403468,0.0089758315317974,0.7484252200191385,True,3,13,3.2876655608942587,0.6327163965204796,True
alpha101,"-1 * TS_CORR(CS_RANK($open), CS_RANK($volume), 10)",reference,alpha101,0,5.085347663594484,0.004765547611462795,5.0974960145731325,0.0004918178327040579,0.10320279489414091,True,2,2,3.724372336372595,0.2271450328710349,True
alpha101,"IF_ELSE(TS_MEAN($close, 8) + TS_STD($close, 8) < TS_MEAN($close, 2), -1, IF_ELSE(TS_MEAN($close, 2) < TS_MEAN($close, 8) - TS_STD($close, 8), 1, IF_ELSE($volume / (TS_MEAN($volume, 20) + 1e-8) >= 1, 1, -1)))",reference,alpha101,0,4.785293694854854,0.007369905856036473,5.601302610457357,0.007168277059171028,0.9726416048177472,True,7,31,3.439287951601895,0.41882571395444174,True
alpha101,"-1 * TS_CORR(CS_RANK(TS_DELTA(LOG($volume), 2)), CS_RANK(($close - $open) / ($open + 1e-8)), 6)",reference,alpha101,0,4.738709126919041,0.004184836044816546,5.122291749886119,0.0021326219284948785,0.5096070444949458,True,3,10,3.0404366080372807,0.28928855572282874,True
alpha101,"IF_ELSE(TS_MEAN($volume, 20) < $volume, -1 * TS_RANK(ABS(TS_DELTA($close, 7)), 60) * SIGN(TS_DELTA($close, 7)), -1)",reference,alpha101,0,4.4408541475927406,0.005585213104644143,4.55849367635593,0.003918712390326831,0.7016227164310695,True,3,14,3.2464756511987196,0.4322503625218268,True
alpha101,"-1 * TS_MAX(TS_CORR(TS_RANK($volume, 5), TS_RANK($high, 5), 5), 3)",reference,alpha101,0,4.389047771873584,0.005551684523739622,4.73754433639745,0.006082209576258317,1.095561095060447,True,3,6,3.3070325690880837,0.23672607734487766,True
alpha101,"-1 * CS_RANK((TS_SUM($open, 5) * TS_SUM($return, 5)) - DELAY(TS_SUM($open, 5) * TS_SUM($return, 5), 10))",reference,alpha101,0,4.244831872331825,0.009589621919304727,4.5785304153417945,0.006119663192162045,0.6381547931355501,True,2,16,3.249701435350001,0.27901168670594395,True
alpha101,"(-1 * CS_RANK(TS_STD($high, 10))) * TS_CORR($high, $volume, 10)",reference,alpha101,0,3.9291942458840867,0.0052589642132859415,4.239989901203548,0.0026784544950578825,0.5093121737339819,True,2,4,3.0380016839179276,0.19694455616105724,True
alpha101,"-1 * TS_CORR($open, $volume, 10)",reference,alpha101,0,3.8801109773249576,0.004474584763740806,4.189934322016884,0.00044236469147235767,0.09886161841362359,True,4,2,3.113338390106333,0.22517065131009217,True
alpha101,"-1 * TS_DELTA((($close - $low) - ($high - $close)) / (($close - $low) + 1e-8), 9)",reference,alpha101,0,2.368445198434412,0.004947936461996658,3.3457614102619995,0.0022766733901291515,0.46012583379262667,True,2,12,20.402266601508593,0.6324931287603345,False
random-grammar,"IF_ELSE((BOUND($close, -3, 3) > ($high + $open)), ($open - $high), ($close - $low))",reference,random-grammar,0,10.71922034713299,0.016250876308740357,11.767147044730157,0.000526563868068922,0.03240218300016937,True,3,13,inf,0.20484091420439224,True
random-grammar,"((TS_SUM(($open - $close), 10) * IF(($high <= 0), ($volume + $dollar_volume), $dollar_volume)) / (IF_ELSE((($dollar_volume - $dollar_volume) > 0), $low, ($open + $low)) + 1e-8))",reference,random-grammar,0,9.58855005308213,0.013687748551819893,9.99214099122177,0.009183299305071004,0.6709137934777456,True,3,22,19.62733626753972,0.09838103438235227,True
random-grammar,"(EMA(($volume * $close), 5) / (IF_ELSE(($open < 0), ($volume + $open), ($close + $dollar_volume)) + 1e-8))",reference,random-grammar,0,8.7368990609374,0.012220840397857117,8.849308833721713,0.0040064815107997125,0.32784009776465417,True,1,15,inf,0.3427563788775247,True
random-grammar,"(BOUND(($close - $high), -3, 3) - IF_ELSE((($low - $close) >= 0), ($return * $low), ($high - $dollar_volume)))",reference,random-grammar,0,8.444943371867538,0.01148693026586546,8.85085097120837,-0.0008576470434228964,-0.0746628580110283,False,3,16,inf,0.1533415981978633,True
random-grammar,"(COUNT(($low <= ($close - $low)), 63) + BOUND($volume, -3, 3))",reference,random-grammar,0,8.431549187508846,0.008439890695978303,8.531602500798156,0.005263129421034039,0.6236016093836353,True,3,11,inf,0.001054803794209363,True
random-grammar,"(ZSCORE($close) * (MAX($return, ($open * $close)) / (TS_STD($dollar_volume, 10) + 1e-8)))",reference,random-grammar,0,8.261331000047155,0.011309537760251452,8.362844828635934,-0.0024819975878216417,-0.2194605686312734,False,1,10,20.66931478472962,0.040944683150668564,True
random-grammar,"BOUND(MIN(($close - $high), $return), -3, 3)",reference,random-grammar,0,7.6050810799864665,0.013346932382766578,8.305120990100407,0.011196354322496927,0.838870985587186,True,1,8,48.26310787761077,0.21910770775944813,True
random-grammar,"MIN((TS_CORR(($volume + $dollar_volume), $low, 3) * CS_ZSCORE(($return + $volume))), $close)",reference,random-grammar,0,6.403688484434481,0.006340150826807028,6.629046134944051,-0.0002349868885868542,-0.03706329628520782,False,1,10,4.326489000565447,0.4850511689657808,True
random-grammar,"(ZSCORE($close) * MIN($open, ($close - $return)))",reference,random-grammar,0,5.848876832299529,0.008920213179108747,6.825028588264559,-0.004053222658626659,-0.45438629965922317,False,1,6,19.716898564660973,0.0299998106036495,True
random-grammar,"POWER((BOUND(TS_COVARIANCE(($open + $open), ($dollar_volume - $volume), 63), -3, 3) + (BOUND(($open - $volume), -3, 3) * TS_DELTA(($open * $close), 5))), 3)",reference,random-grammar,0,5.4178605391573305,0.012576170678715384,6.379131045894974,0.005500535456565136,0.4373776085811678,True,1,25,3.1518735413249646,0.22152410120656862,True
random-grammar,"POWER(TS_COV(($return * $close), $close, 21), 2)",reference,random-grammar,0,5.135373650005945,0.010098334997092112,5.53376014773213,-0.005306015973965567,-0.5254347350819192,False,1,9,inf,0.11379516584884011,True
random-grammar,"TS_COVARIANCE(($close - $volume), ($close - $dollar_volume), 3)",reference,random-grammar,0,4.671802234561201,0.008264566888026549,5.039471524643079,0.0002391640425026418,0.028938484707424335,True,1,7,inf,0.25278576694581983,True
random-grammar,"(TS_COV($open, ($return + $dollar_volume), 3) - MAX(($high - $volume), ($volume - $volume)))",reference,random-grammar,0,4.60726812369763,0.006794821256906212,5.1962282606397645,0.003234657843238903,0.4760475251576659,True,1,13,4.170402662611133,0.46554708698582387,True
random-grammar,"POWER((TS_COV(($dollar_volume + $close), $high, 10) + MIN(($open * $close), ($close + $close))), 3)",reference,random-grammar,0,4.54701580231511,0.006534170871169647,5.430277258864859,0.0012966490160504515,0.198441247040475,True,1,14,4.045285890994787,0.1806747367776233,True
random-grammar,$return,reference,random-grammar,0,4.523463093474241,0.014004700657585694,5.774439998662441,0.010412062209096068,0.7434691011018746,True,1,7,3.3401908995149734,0.659529204869856,True
random-grammar,"MIN(($high * $volume), TS_COVARIANCE($return, $close, 63))",reference,random-grammar,0,4.254280694609382,0.011607995252340885,4.6909779252215795,0.0009608552198639263,0.08277529400868412,True,1,8,20.896724869898378,0.08054015946781568,True
random-grammar,"POWER(TS_COVARIANCE($volume, $return, 21), 2)",reference,random-grammar,0,4.162392816566298,0.010360262442544127,4.485317913941742,0.002565780715644196,0.24765595754677888,True,1,6,inf,0.11758105436268358,True
random-grammar,"(COUNT((($dollar_volume - $dollar_volume) <= ($return + $dollar_volume)), 63) / (MAX(($open * $return), ($volume + $high)) + 1e-8))",reference,random-grammar,0,4.117117024735301,0.009257339910857018,4.653261265329108,0.004107122169178043,0.44366116062792565,True,1,15,inf,0.14994082783421817,True
random-grammar,"(TS_COVARIANCE(($open - $volume), ($high - $open), 21) - MIN(($dollar_volume - $dollar_volume), ($open + $close)))",reference,random-grammar,0,4.008180699407797,0.0071060960653921736,4.913316315429849,0.0019365187451252544,0.27251513732785165,True,1,13,18.753646694008943,0.09352557047993847,True
random-grammar,"TS_ARGMAX($low, 3)",reference,random-grammar,0,3.8087904637885166,0.007582325650317973,4.46098774062142,0.0062484768860983425,0.824084479388762,True,1,6,3.2609944869790266,0.5069621751562318,True
