expression,set,daily_days,daily_mean_ic,daily_iid_t,daily_nw_t,q_first_obs,q_first_mean_ic,q_first_t,q_mid_obs,q_mid_mean_ic,q_mid_t,q_last_obs,q_last_mean_ic,q_last_t,quarterly_obs,quarterly_mean_ic,quarterly_t,quarterly_t_min_abs,ic_retention,t_retention_vs_iid,t_retention_vs_nw
RANK($roa),fundamental-2026-09,4528,0.008969327782803535,5.004537151655021,4.61899668832672,72,-0.0003684952310433036,-0.02681914726008684,72,0.0013961402215006298,0.09529035808618287,72,-0.01770688476954812,-1.1352393573213804,72,-0.01770688476954812,-1.1352393573213804,0.02681914726008684,-1.9741596247041708,0.22684202812760657,0.24577617909759375
RANK($roe),fundamental-2026-09,4528,0.008687448192919693,5.5672938006583506,5.149927984627773,72,-0.007427572584987104,-0.5475680658951049,72,-0.004051215168266922,-0.3193182045997468,72,0.0036909520100376733,0.2786850628555935,72,0.0036909520100376733,0.2786850628555935,0.2786850628555935,0.42486031894219695,0.05005754552106413,0.054114361149797
RANK($operating_margin),fundamental-2026-09,4528,0.004589125146676569,3.077116091964185,2.8144395796468995,72,0.005852487605487651,0.4555710152301454,72,-0.02350926750231179,-2.0640538333453677,72,-0.002853043121016616,-0.21747651840142643,72,-0.002853043121016616,-0.21747651840142643,0.21747651840142643,-0.6216965172725311,0.0706754350183151,0.07727169557099219
RANK($book_per_share / ($close + 1e-8)),fundamental-2026-09,4528,0.005962790016887622,3.6862317387799806,3.477735228858988,72,0.009582978649593166,0.6833321445812585,72,-0.0031163058993864293,-0.23943965228732325,72,0.005848866131340231,0.40972877315619527,72,0.005848866131340231,0.40972877315619527,0.23943965228732325,0.9808941979803515,0.11115111642216009,0.11781482665965443
RANK($earnings_per_share / ($close + 1e-8)),fundamental-2026-09,4528,0.01486356636960305,9.443904068589687,8.692269051924338,72,0.007182269645047363,0.49152910256084775,72,-0.002849212599175332,-0.209797945505178,72,0.013901741834051577,0.9377357510240998,72,0.013901741834051577,0.9377357510240998,0.209797945505178,0.9352897876838989,0.09929534906469431,0.10788158367192961
-RANK($leverage),fundamental-2026-09,4528,0.0007282025260056371,0.4297052528255398,0.43113205460995374,72,0.003075397962320111,0.19837848267675864,72,0.015714268654400745,0.9588330775779684,72,-0.027915322830910496,-1.9076918220104935,72,-0.027915322830910496,-1.9076918220104935,0.19837848267675864,-38.33455918373785,4.439535727027791,4.4248433898898725
RANK($asset_turnover),fundamental-2026-09,4528,0.005346729117506528,3.373250952159947,3.4610231403145058,72,-0.01069343656205591,-0.9427697711354268,72,0.01639299104809748,1.4102186521574938,72,-0.01362970801274217,-0.9632604058999643,72,-0.01362970801274217,-0.9632604058999643,0.9427697711354268,-2.549167484119421,0.2855584774335195,0.2783166615327605
-RANK($accrual_gap),fundamental-2026-09,4528,0.00524259832561185,4.098355637790853,4.3181811419239615,72,-0.0009431312443190921,-0.09167435856408056,72,0.001525678927890803,0.15941948875751205,72,-0.0031177354481330775,-0.30159365528726384,72,-0.0031177354481330775,-0.30159365528726384,0.09167435856408056,-0.5946927943920278,0.07358894199084993,0.06984275216228865
"RANK(TS_DELTA($roa, 63))",fundamental-2026-09,4465,0.002329183061060449,2.4402487581167636,2.3509893404012527,71,0.010407215318329213,1.3762548628910058,71,0.0029620957888441585,0.34073471435855973,71,-0.00011207846438700225,-0.014373346175579813,71,-0.00011207846438700225,-0.014373346175579813,0.014373346175579813,-0.048119216673323334,0.005890115148208207,0.006113743660414324
"RANK(TS_DELTA($operating_margin, 63))",fundamental-2026-09,4465,0.002297548240025716,2.105649220656398,2.1622484980814582,71,0.01139142618486545,1.2614398498423895,71,0.003123150021132227,0.3418413633926861,71,0.00373729195571412,0.4081285566668134,71,0.00373729195571412,0.4081285566668134,0.3418413633926861,1.6266435196469649,0.19382552072922513,0.18875192052575912
"RANK($roa) - RANK(TS_STD($return, 21))",fundamental-2026-09,4507,0.012491643273642267,4.418702131527417,4.312724357868787,72,0.01895580306495199,0.7199359608329131,72,-0.0027391960178430935,-0.11886816918124025,72,-0.0003056650297334777,-0.012648741134773045,72,-0.0003056650297334777,-0.012648741134773045,0.012648741134773045,-0.024469561212850183,0.0028625466841325064,0.00293288883897594
"RANK($book_per_share / ($close + 1e-8)) - RANK(TS_MEAN($return, 63))",fundamental-2026-09,4465,0.003965172620446852,1.9160837055537718,1.7591996876032159,71,-0.0055591960680332715,-0.26351264248721273,71,-0.017306137047072814,-1.0512917122477115,71,-0.011026831731055285,-0.5965328607943499,71,-0.011026831731055285,-0.5965328607943499,0.26351264248721273,-2.7809209803866306,0.3113292279796015,0.3390933189665827
