sample_ordinal,selection_input_index,selection_fraction,local_row_sha256,comp_fundq_match,comp_fundq_row_sha256,comp_snapshot_restated_match,comp_snapshot_restated_row_sha256,comp_snapshot_pit_match,comp_snapshot_pit_row_sha256,comp_snapshot_unrestated_match,comp_snapshot_unrestated_row_sha256,evidence_row_sha256
0,0,0/31,69ce12aff1dbd4104e4385ad0786a387f351918bc865a52c330c8c8b1cae3a01,True,69ce12aff1dbd4104e4385ad0786a387f351918bc865a52c330c8c8b1cae3a01,True,69ce12aff1dbd4104e4385ad0786a387f351918bc865a52c330c8c8b1cae3a01,True,69ce12aff1dbd4104e4385ad0786a387f351918bc865a52c330c8c8b1cae3a01,False,,22f53d5b24a2d2d0c9497872e8a7f879010be87a9c9238def3a6795822c49201
1,1,1/31,d77868e0ea01a5af171123236a161686673c92c18a12686d05afc6bea759f407,True,d77868e0ea01a5af171123236a161686673c92c18a12686d05afc6bea759f407,True,d77868e0ea01a5af171123236a161686673c92c18a12686d05afc6bea759f407,True,d77868e0ea01a5af171123236a161686673c92c18a12686d05afc6bea759f407,True,d77868e0ea01a5af171123236a161686673c92c18a12686d05afc6bea759f407,1464cf7a0d6ad504c866b9aac16b6324915754f20501662af6f8a62d3537e648
2,2,2/31,e7bb4cbecd5c0971a174c20d274b2f1b2b8441c6ae71325e127962d970c55289,True,e7bb4cbecd5c0971a174c20d274b2f1b2b8441c6ae71325e127962d970c55289,True,e7bb4cbecd5c0971a174c20d274b2f1b2b8441c6ae71325e127962d970c55289,True,e7bb4cbecd5c0971a174c20d274b2f1b2b8441c6ae71325e127962d970c55289,True,e7bb4cbecd5c0971a174c20d274b2f1b2b8441c6ae71325e127962d970c55289,4822d8acac6dd6cfb15b5e949cb796c3a2e17ded6e735c38a7a7d08e14818077
3,3,3/31,0e574f7f6ac01a893d6531f8ea71a1263a63f2a604b543b772743d314bc45df1,True,0e574f7f6ac01a893d6531f8ea71a1263a63f2a604b543b772743d314bc45df1,True,0e574f7f6ac01a893d6531f8ea71a1263a63f2a604b543b772743d314bc45df1,True,0e574f7f6ac01a893d6531f8ea71a1263a63f2a604b543b772743d314bc45df1,False,,738f592d9f00dbc3be984ec3993bc6128689876994ba4d4357b6f1fc924b4055
4,4,4/31,78cbb50bccca0b72d3129bc2fe99c1426c9b7c68700a4994af76fd0646940399,True,78cbb50bccca0b72d3129bc2fe99c1426c9b7c68700a4994af76fd0646940399,True,78cbb50bccca0b72d3129bc2fe99c1426c9b7c68700a4994af76fd0646940399,True,78cbb50bccca0b72d3129bc2fe99c1426c9b7c68700a4994af76fd0646940399,True,78cbb50bccca0b72d3129bc2fe99c1426c9b7c68700a4994af76fd0646940399,95633638f414ed60f317543b1ea194bf0b974771e4cc243f849f01f1ec42ccdc
5,5,5/31,f6b34918d5ef68df8148dd5aa8deb7b5da62f5cd3fab216ea00e3ec5288ca2e1,True,f6b34918d5ef68df8148dd5aa8deb7b5da62f5cd3fab216ea00e3ec5288ca2e1,True,f6b34918d5ef68df8148dd5aa8deb7b5da62f5cd3fab216ea00e3ec5288ca2e1,True,f6b34918d5ef68df8148dd5aa8deb7b5da62f5cd3fab216ea00e3ec5288ca2e1,True,f6b34918d5ef68df8148dd5aa8deb7b5da62f5cd3fab216ea00e3ec5288ca2e1,ff396d7233a37a814bc959a2063974ab87755a55306122624dfa63e4636a4707
6,6,6/31,2094f45a339379c0efb0c5b1636845c5fbc761a4e976bbdef5bceb2dae9720c7,True,2094f45a339379c0efb0c5b1636845c5fbc761a4e976bbdef5bceb2dae9720c7,True,2094f45a339379c0efb0c5b1636845c5fbc761a4e976bbdef5bceb2dae9720c7,True,2094f45a339379c0efb0c5b1636845c5fbc761a4e976bbdef5bceb2dae9720c7,True,2094f45a339379c0efb0c5b1636845c5fbc761a4e976bbdef5bceb2dae9720c7,b206b938fe9135a0e68db17aed83584074ea6ff882c1084043a2e1c56c1a599f
7,7,7/31,79bbbf29a54f81670a5ffff4b3b9565daa5d476157ad42777cf1b7f4910288fd,True,79bbbf29a54f81670a5ffff4b3b9565daa5d476157ad42777cf1b7f4910288fd,True,79bbbf29a54f81670a5ffff4b3b9565daa5d476157ad42777cf1b7f4910288fd,True,79bbbf29a54f81670a5ffff4b3b9565daa5d476157ad42777cf1b7f4910288fd,True,79bbbf29a54f81670a5ffff4b3b9565daa5d476157ad42777cf1b7f4910288fd,7e987ba89892910a7865c7ef5ab11ce5cbd4eaeb30279b3d95c01458dbb15c53
8,8,8/31,74dbbdd358f6a9fa83269297f2027cd8c4c22388b04f9cdde8e2c9b999267d2e,True,74dbbdd358f6a9fa83269297f2027cd8c4c22388b04f9cdde8e2c9b999267d2e,True,74dbbdd358f6a9fa83269297f2027cd8c4c22388b04f9cdde8e2c9b999267d2e,True,74dbbdd358f6a9fa83269297f2027cd8c4c22388b04f9cdde8e2c9b999267d2e,True,74dbbdd358f6a9fa83269297f2027cd8c4c22388b04f9cdde8e2c9b999267d2e,d0b3c32984a2dda37456a05a6894bf040a132694eef15683b3cb7aaaec65ae82
9,9,9/31,b8b96c4a269a7d0494c15e02fbe602c3ef8ad102d310f0905f82859a1bd4aae7,True,b8b96c4a269a7d0494c15e02fbe602c3ef8ad102d310f0905f82859a1bd4aae7,True,b8b96c4a269a7d0494c15e02fbe602c3ef8ad102d310f0905f82859a1bd4aae7,True,b8b96c4a269a7d0494c15e02fbe602c3ef8ad102d310f0905f82859a1bd4aae7,False,,6afedecbdd758d4b09192b92b699f3ab82624d32d11fc009e2e2a1bd8fd29858
10,10,10/31,12412c2e834101cec1c59f8e384c0d434df12f94a080cfc4cc574476189fd1de,True,12412c2e834101cec1c59f8e384c0d434df12f94a080cfc4cc574476189fd1de,True,12412c2e834101cec1c59f8e384c0d434df12f94a080cfc4cc574476189fd1de,True,12412c2e834101cec1c59f8e384c0d434df12f94a080cfc4cc574476189fd1de,True,12412c2e834101cec1c59f8e384c0d434df12f94a080cfc4cc574476189fd1de,0079c22a75c8cf4ac05cfeb9928cdd147fda998802843b43177ff159a8298093
11,11,11/31,048bcdbef73a1abc5831acf2f92b182b3c4396e27f4c1e660843b0e65f24bb37,True,048bcdbef73a1abc5831acf2f92b182b3c4396e27f4c1e660843b0e65f24bb37,True,048bcdbef73a1abc5831acf2f92b182b3c4396e27f4c1e660843b0e65f24bb37,True,048bcdbef73a1abc5831acf2f92b182b3c4396e27f4c1e660843b0e65f24bb37,True,048bcdbef73a1abc5831acf2f92b182b3c4396e27f4c1e660843b0e65f24bb37,b02c93c3de856e17f740dc13a82bd396dd2bd0e3cd87c2137a26811b0e201abb
12,12,12/31,4974b5826cfcd04471118fdf04af1634e91d2b805ed3fecb519f084fd72db1b7,True,4974b5826cfcd04471118fdf04af1634e91d2b805ed3fecb519f084fd72db1b7,True,4974b5826cfcd04471118fdf04af1634e91d2b805ed3fecb519f084fd72db1b7,True,4974b5826cfcd04471118fdf04af1634e91d2b805ed3fecb519f084fd72db1b7,True,4974b5826cfcd04471118fdf04af1634e91d2b805ed3fecb519f084fd72db1b7,cfb76682e45e46dbf0ab110d967e283f90ea55e237718d1b6ef5011d04901a05
13,13,13/31,31b4813712cd6094c889e6843751580a86806229cd615ef319fb7fc2cfb828b7,True,31b4813712cd6094c889e6843751580a86806229cd615ef319fb7fc2cfb828b7,True,31b4813712cd6094c889e6843751580a86806229cd615ef319fb7fc2cfb828b7,True,31b4813712cd6094c889e6843751580a86806229cd615ef319fb7fc2cfb828b7,True,31b4813712cd6094c889e6843751580a86806229cd615ef319fb7fc2cfb828b7,da5ecbadffd9d45f0bf34b5fa45392ca872bc842c50a7968720cd56b61bc6364
14,14,14/31,b6a62b19f5b3908fabc96f44b68d3d5e3de1eea5dc80a27f235692c686fbd7c9,True,b6a62b19f5b3908fabc96f44b68d3d5e3de1eea5dc80a27f235692c686fbd7c9,True,b6a62b19f5b3908fabc96f44b68d3d5e3de1eea5dc80a27f235692c686fbd7c9,True,b6a62b19f5b3908fabc96f44b68d3d5e3de1eea5dc80a27f235692c686fbd7c9,False,,78238aef339dae35d10a6378a63ed7af1f8440fe68d31416e4d00f091416a387
15,15,15/31,8220111d112a71f1071c1dd4662ad1a19824443f5d94ada0849f630f75c0d3f4,True,8220111d112a71f1071c1dd4662ad1a19824443f5d94ada0849f630f75c0d3f4,True,8220111d112a71f1071c1dd4662ad1a19824443f5d94ada0849f630f75c0d3f4,True,8220111d112a71f1071c1dd4662ad1a19824443f5d94ada0849f630f75c0d3f4,True,8220111d112a71f1071c1dd4662ad1a19824443f5d94ada0849f630f75c0d3f4,bed91f8ea174d99c90b6e3ae3bbd560f6e81f0cb142a2e02406c70a44e99f383
16,16,16/31,ee160606ef8ab96d26f64a3cd925e5142a3d6ae86388e094932b06325e601a3d,True,ee160606ef8ab96d26f64a3cd925e5142a3d6ae86388e094932b06325e601a3d,True,ee160606ef8ab96d26f64a3cd925e5142a3d6ae86388e094932b06325e601a3d,True,ee160606ef8ab96d26f64a3cd925e5142a3d6ae86388e094932b06325e601a3d,True,ee160606ef8ab96d26f64a3cd925e5142a3d6ae86388e094932b06325e601a3d,5dac55237fbaef3afaade1aa895d55d17cbc342896e2573b8aede6ab23ac6997
17,17,17/31,b2cd3fedb3e505044bf5f499f41e5a661d542f13a81d1bd156c16a7df75a8272,True,b2cd3fedb3e505044bf5f499f41e5a661d542f13a81d1bd156c16a7df75a8272,True,b2cd3fedb3e505044bf5f499f41e5a661d542f13a81d1bd156c16a7df75a8272,True,b2cd3fedb3e505044bf5f499f41e5a661d542f13a81d1bd156c16a7df75a8272,False,,7b738a19f2e9995bb057d5d1b507317e480baf2e8e3d1bb59dca2021577c1307
18,18,18/31,5126fcaa9859c2b8661de5659b9eb811b10379c98b84d93a38f3284b9f56269d,True,5126fcaa9859c2b8661de5659b9eb811b10379c98b84d93a38f3284b9f56269d,True,5126fcaa9859c2b8661de5659b9eb811b10379c98b84d93a38f3284b9f56269d,True,5126fcaa9859c2b8661de5659b9eb811b10379c98b84d93a38f3284b9f56269d,True,5126fcaa9859c2b8661de5659b9eb811b10379c98b84d93a38f3284b9f56269d,4b38cf178458ce270bdea35071017d08b1c85951cab7b539fdc1e3bd7d482fef
19,19,19/31,00be7715fd3a0704b06f9572c12c05a0e528e95fe57225180f740f6b412ca275,True,00be7715fd3a0704b06f9572c12c05a0e528e95fe57225180f740f6b412ca275,True,00be7715fd3a0704b06f9572c12c05a0e528e95fe57225180f740f6b412ca275,True,00be7715fd3a0704b06f9572c12c05a0e528e95fe57225180f740f6b412ca275,True,00be7715fd3a0704b06f9572c12c05a0e528e95fe57225180f740f6b412ca275,ea3f3224873ec1546be21ecefffa046f13769b07b2495bb607fc99a087c852ea
20,20,20/31,afdb6b3b72d89557314b1025566a13d9e2161c6d6bb148550e3d58948308f672,True,afdb6b3b72d89557314b1025566a13d9e2161c6d6bb148550e3d58948308f672,True,afdb6b3b72d89557314b1025566a13d9e2161c6d6bb148550e3d58948308f672,True,afdb6b3b72d89557314b1025566a13d9e2161c6d6bb148550e3d58948308f672,True,afdb6b3b72d89557314b1025566a13d9e2161c6d6bb148550e3d58948308f672,afcc784d7e0cc1853c101d0524ab0a36dcaf7c6c0c340525d5baa533f708c59d
21,21,21/31,1afb8cf8cebbb81f93149dd17348a244ed2027a96b87e717029b5006c074bfb2,True,1afb8cf8cebbb81f93149dd17348a244ed2027a96b87e717029b5006c074bfb2,True,1afb8cf8cebbb81f93149dd17348a244ed2027a96b87e717029b5006c074bfb2,True,1afb8cf8cebbb81f93149dd17348a244ed2027a96b87e717029b5006c074bfb2,True,1afb8cf8cebbb81f93149dd17348a244ed2027a96b87e717029b5006c074bfb2,0b2893f2435c5dd00bc27a9008ee28804630e4e2f102f878c91a0b5cae9ade68
22,22,22/31,27e978447f5da3e02c3ef984e35a2305620ae01c21318426faaef91ac6bab2e1,True,27e978447f5da3e02c3ef984e35a2305620ae01c21318426faaef91ac6bab2e1,True,27e978447f5da3e02c3ef984e35a2305620ae01c21318426faaef91ac6bab2e1,True,27e978447f5da3e02c3ef984e35a2305620ae01c21318426faaef91ac6bab2e1,True,27e978447f5da3e02c3ef984e35a2305620ae01c21318426faaef91ac6bab2e1,b2854396e248f8c7ccf7e91dbd074b8012995ef23a51cc76aa7ab524ad8e938e
23,23,23/31,0d42cb9080d01a1da7283a1fd683ae704a20bb83ac05b7eba02ef2aa4b0a2a28,True,0d42cb9080d01a1da7283a1fd683ae704a20bb83ac05b7eba02ef2aa4b0a2a28,True,0d42cb9080d01a1da7283a1fd683ae704a20bb83ac05b7eba02ef2aa4b0a2a28,True,0d42cb9080d01a1da7283a1fd683ae704a20bb83ac05b7eba02ef2aa4b0a2a28,True,0d42cb9080d01a1da7283a1fd683ae704a20bb83ac05b7eba02ef2aa4b0a2a28,a082fc3e70f64e7d2847869a32d7a324065ef0210c8ad57ac700bcb387086a9b
24,24,24/31,d49b25c163120a3cb050802d4356a800d2aff757fb42f9359032d3d65da147ee,True,d49b25c163120a3cb050802d4356a800d2aff757fb42f9359032d3d65da147ee,True,d49b25c163120a3cb050802d4356a800d2aff757fb42f9359032d3d65da147ee,True,d49b25c163120a3cb050802d4356a800d2aff757fb42f9359032d3d65da147ee,True,d49b25c163120a3cb050802d4356a800d2aff757fb42f9359032d3d65da147ee,3bea1da9e5b9b61c6acd4a25b3b173d9c002dfa19efed53b87a1a87de74c6c16
25,25,25/31,26b1a34964e53ca6826a49de35b208b2b861208e31143204beb197278ea15170,True,26b1a34964e53ca6826a49de35b208b2b861208e31143204beb197278ea15170,True,26b1a34964e53ca6826a49de35b208b2b861208e31143204beb197278ea15170,True,26b1a34964e53ca6826a49de35b208b2b861208e31143204beb197278ea15170,True,26b1a34964e53ca6826a49de35b208b2b861208e31143204beb197278ea15170,f87cbf5f62eb42fc702713c0beed564fb04cbae884f5feafb39983191227ca8d
26,26,26/31,b872fd0c72837e1827dc4e5de4f75d5ce1f125d437a7d6dfc8c323655f14ba35,True,b872fd0c72837e1827dc4e5de4f75d5ce1f125d437a7d6dfc8c323655f14ba35,True,b872fd0c72837e1827dc4e5de4f75d5ce1f125d437a7d6dfc8c323655f14ba35,True,b872fd0c72837e1827dc4e5de4f75d5ce1f125d437a7d6dfc8c323655f14ba35,True,b872fd0c72837e1827dc4e5de4f75d5ce1f125d437a7d6dfc8c323655f14ba35,29dd16fa3613f49d15151ef4dadb160d9f6cbcb518bc6c2fe64d6fb86207090c
27,27,27/31,bde8010a6196408815f69bdb2a83cfff2a8efc0144c79c4825bc2dd2bd7cc518,True,bde8010a6196408815f69bdb2a83cfff2a8efc0144c79c4825bc2dd2bd7cc518,True,bde8010a6196408815f69bdb2a83cfff2a8efc0144c79c4825bc2dd2bd7cc518,True,bde8010a6196408815f69bdb2a83cfff2a8efc0144c79c4825bc2dd2bd7cc518,True,bde8010a6196408815f69bdb2a83cfff2a8efc0144c79c4825bc2dd2bd7cc518,09d8480a8c70407d2dfd04b42cec72e801c7348d2ce79ea599ef5e4258749d3b
28,28,28/31,edc9af908fbc07d8a1221bc869727347c99ddbb1fbcf909fac61d42411fe14b4,True,edc9af908fbc07d8a1221bc869727347c99ddbb1fbcf909fac61d42411fe14b4,True,edc9af908fbc07d8a1221bc869727347c99ddbb1fbcf909fac61d42411fe14b4,True,edc9af908fbc07d8a1221bc869727347c99ddbb1fbcf909fac61d42411fe14b4,True,edc9af908fbc07d8a1221bc869727347c99ddbb1fbcf909fac61d42411fe14b4,cf97058c63c3258246f2dac429398e065a1dc5b7486ed9f89f8f08a0bb590cd4
29,29,29/31,e3a6631d49395338fe732d2aa54c5af334711cd5aa32d0b8271d19cd2acd30df,True,e3a6631d49395338fe732d2aa54c5af334711cd5aa32d0b8271d19cd2acd30df,True,e3a6631d49395338fe732d2aa54c5af334711cd5aa32d0b8271d19cd2acd30df,True,e3a6631d49395338fe732d2aa54c5af334711cd5aa32d0b8271d19cd2acd30df,True,e3a6631d49395338fe732d2aa54c5af334711cd5aa32d0b8271d19cd2acd30df,03cec7e56d55d69cfc58ec184039c86867d22e70baee6e67258d1e37009f4dfc
30,30,30/31,b13289d579639b30a9e0f1b41833df7d641350112bb0e276862b73f35940a58f,True,b13289d579639b30a9e0f1b41833df7d641350112bb0e276862b73f35940a58f,True,b13289d579639b30a9e0f1b41833df7d641350112bb0e276862b73f35940a58f,True,b13289d579639b30a9e0f1b41833df7d641350112bb0e276862b73f35940a58f,True,b13289d579639b30a9e0f1b41833df7d641350112bb0e276862b73f35940a58f,9e594a86e7bffe2b0da4bbc2796b882e0991a17f45e72bc2edce8481ff94f788
31,31,31/31,acb630bae445680b7ef4d3d33fbc1c8ad8a9db46c8a5f2e9754f920cff9dbe83,True,acb630bae445680b7ef4d3d33fbc1c8ad8a9db46c8a5f2e9754f920cff9dbe83,True,acb630bae445680b7ef4d3d33fbc1c8ad8a9db46c8a5f2e9754f920cff9dbe83,True,acb630bae445680b7ef4d3d33fbc1c8ad8a9db46c8a5f2e9754f920cff9dbe83,False,,d8604a8767387f0d036eff13c0d272eac1f28110f7d224cc01bfe6ef0e8d3418
