niche,count,best_fitness,capacity
fast/price_volume/low,8,4.92,8
fast/price_volume/high,5,2.661,8
fast/fundamental/low,5,3.994,8
fast/fundamental/high,0,,8
fast/mixed/low,8,5.588,8
fast/mixed/high,0,,8
medium/price_volume/low,8,10.336,8
medium/price_volume/high,2,2.098,8
medium/fundamental/low,0,,8
medium/fundamental/high,0,,8
medium/mixed/low,8,4.559,8
medium/mixed/high,5,4.905,8
slow/price_volume/low,8,3.839,8
slow/price_volume/high,3,1.824,8
slow/fundamental/low,4,4.119,8
slow/fundamental/high,0,,8
slow/mixed/low,8,5.587,8
slow/mixed/high,0,,8
