id,expression,fitness,niche,horizon_bucket,data_family,turnover_bucket,round,island,operator,parent_ids,rationale,mean_ic,tstat,icir,coverage,turnover,half_life,stability,sign,base_fields,free_constants,depth,symbol_length
97dfe9ddfd2178f6,"($close - TS_MIN($low, 21)) / (TS_MAX($high, 21) - TS_MIN($low, 21) + 1e-8)",10.335622873944338,medium/price_volume/low,medium,price_volume,low,0,price_trend,seed,,island seed,0.01398173585596826,10.339300310720382,0.17759112240502348,0.9894693956004355,0.0994592440193955,19.254956841017673,1.0,-1,3,0,4,75
8e9878c44906b2b4,"TS_MEAN($dollar_volume, 21)",2.1678300222791114,slow/price_volume/low,slow,price_volume,low,0,liquidity_volume,seed,,island seed,0.005007707903759748,2.7595296608892683,0.043575105999853876,0.9894938250330012,0.01349604544350739,inf,0.7857142857142857,-1,1,0,1,27
8f22297f2ea21a91,RANK($roa),3.730507830796672,slow/fundamental/low,slow,fundamental,low,0,fundamental_quality,seed,,island seed,0.009308845013453268,4.352442090153824,0.07690388692219004,0.9971496071966223,0.006707928825623872,43.175133424154275,0.8571428571428571,1,1,0,1,10
97f8755e18735318,"BOUND(TS_COV(($high + $return), ($accrual_gap - $book_per_share), 21), -(3), 3)",0.5422251432645656,slow/mixed/high,slow,mixed,high,1,price_trend,explore,,random grammar draw,0.0010720807376278327,1.1899874697543982,0.02087175954580972,0.986063831621715,0.41022027624746793,inf,0.6428571428571429,-1,4,2,3,79
62ae1c2742f96f88,"TS_SUM(POWER(($accrual_gap + $earnings_per_share), 3), 5)",4.182024451172559,slow/fundamental/low,slow,fundamental,low,1,price_trend,explore,,random grammar draw,0.01223858566059049,4.879194323242845,0.09630000676816355,0.9949955232736686,0.007129230609298171,inf,0.8571428571428571,1,2,1,3,57
c5d2f0b35d0b7ad7,"(MIN($roe, $volume) / (1e-08 + TS_ARGMAX(($volume - $earnings_per_share), 10)))",3.3880759540018675,slow/mixed/low,slow,mixed,low,1,price_trend,explore,,random grammar draw,0.007773687516670335,4.31880950605771,0.08154264232260755,0.9923840110263924,0.18987325634836968,44.904675272607804,0.7857142857142857,1,3,0,4,79
376240ede686b006,"(MIN($earnings_per_share, ($earnings_per_share * $operating_margin)) * POWER(($operating_margin - $earnings_per_share), 1))",2.8585102325832845,slow/fundamental/low,slow,fundamental,low,1,liquidity_volume,explore,,random grammar draw,0.006282828556517293,3.638392244244806,0.062416187625094155,0.9436043615614489,0.007823531832456182,inf,0.7857142857142857,-1,2,1,3,123
28abada11fd31ec8,"POWER(COUNT((($asset_turnover + $earnings_per_share) <= 0), 21), 1.5)",3.378302216302198,slow/fundamental/low,slow,fundamental,low,1,liquidity_volume,explore,,random grammar draw,0.007797961031150273,4.427237037144017,0.0838466680710555,0.9336094664536896,0.00849574776753181,inf,0.7857142857142857,-1,2,2,4,69
47881c7f890dc913,"(MIN(($return * $return), ($dollar_volume + $open)) / (1e-08 + TS_ARGMIN(($earnings_per_share - $high), 63)))",5.301286642009769,medium/mixed/high,medium,mixed,high,1,liquidity_volume,explore,,random grammar draw,0.008835659393967474,5.942232208096897,0.08018391880873556,0.9620162966697193,0.49069771451875177,14.811688095107092,0.9285714285714286,-1,5,0,4,109
a64e421a8c393bb0,"ZSCORE(TS_COV(($accrual_gap * $accrual_gap), ($operating_margin - $high), 21))",0.8525719083512913,fast/mixed/high,fast,mixed,high,2,price_trend,explore,,random grammar draw,0.0009891216017165966,1.2276024119882125,0.020695515553651515,0.9336015118907722,0.39137678331004094,4.169783023457911,0.7142857142857143,-1,3,0,3,78
b44fd03165a524f9,RANK($volume),3.9633818750881322,slow/price_volume/low,slow,price_volume,low,2,price_trend,mutate,8f22297f2ea21a91,single-node edit,0.0088071384792172,4.6286265601059835,0.06578782075363719,1.0,0.15268914498551728,inf,0.8571428571428571,-1,1,0,1,13
bf37c4a7867d3290,"TS_MEAN($asset_turnover, 21)",2.2282983632016897,slow/fundamental/low,slow,fundamental,low,2,price_trend,mutate,8e9878c44906b2b4,single-node edit,0.004905096993927356,2.836110236574035,0.04714297599314951,0.933625941323338,0.0025584909850235186,inf,0.7857142857142857,1,1,0,1,28
8295151fb8c06638,"(MIN($roe, $volume) / ($earnings_per_share - $high))",3.81891384815801,medium/mixed/low,medium,mixed,low,2,price_trend,crossover,c5d2f0b35d0b7ad7;47881c7f890dc913,subtree fusion,0.007263335513203309,4.988287493146327,0.08652529308935074,0.9971314305422627,0.013247294167447174,18.816311559206333,0.7857142857142857,-1,4,0,2,52
2bf02b852754a853,"(CS_DEMEAN($roe) / (1e-08 + POWER(($earnings_per_share + $earnings_per_share), 2)))",2.9076724057681362,medium/fundamental/low,medium,fundamental,low,2,liquidity_volume,explore,,random grammar draw,0.006076024134088384,3.7013259210869287,0.0666993803238845,0.9971331346036089,0.01681787689472733,20.585511209365244,0.7857142857142857,1,2,1,4,83
1f41f5077b394790,"TS_RANK(POWER($dollar_volume, 0.5), 21)",0.8702401749146704,slow/price_volume/high,slow,price_volume,high,2,fundamental_quality,explore,,random grammar draw,0.0016770382415523459,1.3855813742279486,0.022480914701283126,0.9894938250330012,0.4960185294008512,inf,0.6428571428571429,1,1,1,2,39
f4398a902b2586c6,"IF_ELSE(($accrual_gap >= 0), MAX(($book_per_share * $low), ($asset_turnover + $low)), ($accrual_gap * $close))",-0.006083165371684022,fast/mixed/low,fast,mixed,low,2,fundamental_quality,explore,,random grammar draw,0.0006041087726639352,0.388584584196877,0.0061916306631041714,0.9959941544696382,0.011674016967606015,3.9479495510531324,0.5,-1,5,1,3,110
93d00893371cb8ce,"TS_COV($leverage, ABS(($roe - $accrual_gap)), 3)",2.6475223659013167,slow/fundamental/high,slow,fundamental,high,2,fundamental_quality,explore,,random grammar draw,0.002322936604767405,3.1301020276051217,0.049409135045689286,0.9960688725444988,0.5257566180234124,inf,0.8571428571428571,-1,3,0,3,48
9c28bef40a1ddf20,"(MIN($roe, $volume) / (1e-08 + TS_STD(($volume - $earnings_per_share), 10)))",4.412633600301153,slow/mixed/low,slow,mixed,low,2,fundamental_quality,mutate,c5d2f0b35d0b7ad7,single-node edit,0.011425213386200098,5.149231876200318,0.09219588353931205,0.9923840110263924,0.04409779149533046,inf,0.8571428571428571,1,3,0,4,76
de5dfef40bf97337,"(POWER($asset_turnover, 3) - RANK(($asset_turnover * $roe)))",3.5688517426090822,slow/fundamental/low,slow,fundamental,low,2,fundamental_quality,mutate,0c0b34db34aa7f2b,single-node edit,0.007102887687236401,4.163895402461023,0.07161462806285138,0.9436208341544623,0.006873103506780901,inf,0.8571428571428571,-1,2,1,3,60
a455dcc1e60ea392,"BOUND(($high + $return), -(3), 3)",2.0556897608448144,medium/price_volume/low,medium,price_volume,low,3,price_trend,simplify,97f8755e18735318,pruned a subtree,0.004530442434078065,2.5160280546194795,0.06659086337396398,0.9994704296134485,0.032617184793648446,20.654075320442388,0.8571428571428571,1,2,2,2,33
66f63a60295cc13d,"TS_RANK(RANK($operating_margin), 5)",1.4184900528108597,slow/fundamental/high,slow,fundamental,high,3,liquidity_volume,explore,,random grammar draw,0.00249331458366431,2.230913371362682,0.040337025210307596,0.941612758820169,0.35022970798053504,inf,0.6428571428571429,1,1,0,2,35
9641c260396b70f0,"TS_COV($earnings_per_share, TS_COV($earnings_per_share, ($high + $low), 5), 63)",4.387896776356478,fast/mixed/low,fast,mixed,low,3,fundamental_quality,explore,,random grammar draw,0.006106840258593775,5.120369837462346,0.09787114917405045,0.9625764979284649,0.023654085443275363,3.126958601725339,0.8571428571428571,1,3,0,3,79
8c344c6f904850d7,"TS_COV($roa, TS_COV($low, ($volume - $roe), 5), 63)",0.39506278066035055,fast/mixed/low,fast,mixed,low,3,fundamental_quality,explore,,random grammar draw,0.0008348456574950643,0.996449161991661,0.01613543979116695,0.9625929705214783,0.05298043052524396,4.257266413970625,0.5,-1,4,0,3,51
cac5f676d4bbf781,"COUNT((ZSCORE($accrual_gap) >= ($open * $operating_margin)), 63)",3.0846616274450516,slow/mixed/low,slow,mixed,low,3,fundamental_quality,explore,,random grammar draw,0.008144613796340157,3.9261009643860496,0.07771940474138052,0.9073920773916461,0.005476102884992481,inf,0.7857142857142857,-1,3,0,3,64
a1b7151c4a70b1c9,"(MIN($roe, $volume) / (1e-08 + TS_STD(TS_MAX($high, 21), 10)))",4.693854275207683,slow/mixed/low,slow,mixed,low,3,fundamental_quality,crossover,9c28bef40a1ddf20;97dfe9ddfd2178f6,subtree fusion,0.009329565771023552,5.057477593984255,0.08727067826000173,0.9825002590482182,0.08762061531266564,39.25782492035813,0.9285714285714286,1,3,0,4,62
8f567493b1d47152,"(MAX($roe, ($book_per_share - $earnings_per_share)) * MIN($asset_turnover, $open))",3.3841304717035303,slow/mixed/low,slow,mixed,low,4,price_trend,explore,,random grammar draw,0.007861245372155792,4.561718368592128,0.07629013657461528,0.941777421095952,0.0026476180597222463,inf,0.7857142857142857,1,5,0,3,82
34d9ef635b0b4bd1,RANK($low),1.9148554419591395,slow/price_volume/low,slow,price_volume,low,4,price_trend,mutate,8f22297f2ea21a91,single-node edit,0.005903993572807624,2.4374133400528044,0.04455362310175045,0.9999982959386537,0.012355324462593657,61.45139986157232,0.7857142857142857,1,1,0,1,10
b0799cbc9d8cf5f8,"TS_ARGMAX(TS_CORR(($low - $earnings_per_share), ($roa - $return), 3), 3)",1.184649488864816,slow/mixed/high,slow,mixed,high,4,liquidity_volume,explore,,random grammar draw,0.0022997407726912562,1.8358718612264957,0.032328436684141745,0.9925998269239661,0.6686137453327544,56.12526380966306,0.7142857142857143,-1,4,0,3,72
5ef04f46ce0d15d3,"COUNT((TS_MIN($high, 63) > ($roe - $book_per_share)), 3)",3.1850422174352975,slow/mixed/low,slow,mixed,low,4,liquidity_volume,explore,,random grammar draw,0.006259515314382846,4.45938002803093,0.10728945901324145,0.9644900132665294,0.006435315835015475,inf,0.7142857142857143,1,3,0,3,56
1153b0cf47814b5c,"TS_SUM(POWER(($accrual_gap + $roe), 3), 5)",3.7242338614059225,slow/fundamental/low,slow,fundamental,low,4,liquidity_volume,mutate,62ae1c2742f96f88,single-node edit,0.008190990839104096,4.345196947792199,0.08178357752018242,0.9950119958666819,0.00831938000614486,inf,0.8571428571428571,1,2,1,3,42
6662093b8f82de62,"BOUND(TS_COV($low, $roe, 21), -(3), 3)",0.7409954699281857,fast/mixed/high,fast,mixed,high,4,fundamental_quality,explore,,random grammar draw,0.0010083173990339846,1.3489024680380945,0.02102429315514608,0.9865962227591121,0.3910389098123062,3.9304880120950543,0.6428571428571429,1,2,2,2,38
fedee215721ca04f,"(ABS(($accrual_gap + $leverage)) * MAX($roa, ($asset_turnover - $book_per_share)))",2.819996237875919,slow/fundamental/low,slow,fundamental,low,5,price_trend,explore,,random grammar draw,0.00794586918444598,3.5235059203143475,0.06610659287413867,0.9436043615614489,0.006841704221270764,inf,0.8571428571428571,1,5,0,3,82
09208ea24cd3c894,"MAX(($asset_turnover * $roa), TS_DELTA($volume, 5))",1.112312115568601,fast/mixed/high,fast,mixed,high,5,price_trend,explore,,random grammar draw,0.0026142341332585383,1.9759754997538486,0.03277739544551116,0.9412548387538732,0.4449741352701165,4.315621496050124,0.5714285714285714,1,3,0,2,51
02e1d13be5863762,"(TS_DELTA($leverage, 10) / (1e-08 + MAX(($dollar_volume * $leverage), ($operating_margin * $roa))))",3.5891573981741245,fast/mixed/low,fast,mixed,low,5,price_trend,explore,,random grammar draw,0.003278176512937899,4.317226896558296,0.06635547675259457,0.9386381539917292,0.1719535906954494,3.051645390710451,0.8571428571428571,-1,4,0,4,99
f4218b9f648d724b,"(MIN($volume, ($low + $open)) / (1e-08 + ZSCORE($high)))",1.559338893082146,medium/price_volume/low,medium,price_volume,low,5,price_trend,explore,,random grammar draw,0.0023350725208011744,2.113601220767389,0.03831682563302437,0.9971789747969894,0.029780120239255952,20.25583321021167,0.7857142857142857,-1,4,0,3,56
8326b88e71ff0507,"TS_COV(($high + $high), TS_STD($volume, 3), 3)",0.16549133637697844,medium/price_volume/high,medium,price_volume,high,5,price_trend,explore,,random grammar draw,0.0003065793977173337,0.29203528046719235,0.004900433633815582,0.9978856877441723,0.46707039815474033,13.06936725091068,0.6428571428571429,-1,2,0,2,46
e654fd1c5e5a9abb,"(MIN($roe, $volume) / (1e-08 + TS_STD(TS_MAX($high, 5), 10)))",4.2776555135351435,slow/mixed/low,slow,mixed,low,5,liquidity_volume,mutate,a1b7151c4a70b1c9,single-node edit,0.00906670710781195,4.608715019462428,0.07568952429052545,0.990624403112634,0.07340280662521144,53.01034645345586,0.9285714285714286,1,3,0,4,61
4e3599d2cd996243,"COUNT((TS_MIN($high, 63) > ($roe - ($earnings_per_share - $high))), 3)",3.291237128315455,slow/mixed/low,slow,mixed,low,5,liquidity_volume,crossover,5ef04f46ce0d15d3;8295151fb8c06638,subtree fusion,0.005688798583960221,4.613520331502585,0.06538635828266572,0.9644900132665294,0.1019635626962872,27.563512971806297,0.7142857142857143,1,3,0,4,70
014621d6162cd257,"POWER(TS_RANK(($operating_margin + $roa), 3), 1.5)",1.7587472207024293,fast/fundamental/high,fast,fundamental,high,5,fundamental_quality,explore,,random grammar draw,0.002200910998385269,2.5036328503716883,0.044778650817198354,0.9426162290497404,0.5197506398140361,3.93545624959927,0.7142857142857143,1,2,1,3,50
eca3a4af4a236953,"POWER(MAX($leverage, ($close * $roa)), 1.5)",0.8116618645277478,fast/mixed/low,fast,mixed,low,5,fundamental_quality,explore,,random grammar draw,0.00275479697730386,1.4208677185272713,0.02611985146658379,0.9971496071966223,0.01018055489661121,3.343180012528758,0.5714285714285714,1,3,1,3,43
3c12a50002ee3b60,"LOG(TS_ARGMIN($dollar_volume, 63))",0.031534737240396196,medium/price_volume/low,medium,price_volume,low,5,fundamental_quality,explore,,random grammar draw,8.820810862398106e-05,0.06922647034956118,0.0012766635951281247,0.947326416311953,0.07845221020909703,9.98384872148824,0.5,1,1,0,2,34
69d1fc3bcb1ba306,"POWER(BOUND($return, -(3), 3), 2)",2.47376833680008,medium/price_volume/high,medium,price_volume,high,5,fundamental_quality,explore,,random grammar draw,0.008115142362424386,3.1329004348546245,0.059728015020400683,0.9994721336747947,0.5996481987807429,18.77338745168051,0.8571428571428571,-1,1,3,3,33
